Name,Price,Description,Custom Permalink
"Bundle 4 neon alternative gothic","4.99","Unlock premium access to the Bundle 4 neon alternative gothic collection! • Total assets: 10 files • Category: completed bundles • Complete licensing usage rights included.","wildbill_bundle_4_neon_alternative_gothic"
"Bundle 2 industrial metal and lace","4.99","Unlock premium access to the Bundle 2 industrial metal and lace collection! • Total assets: 10 files • Category: completed bundles • Complete licensing usage rights included.","wildbill_bundle_2_industrial_metal_and_lace"
"Bundle 24 crimson cyberpunk fetish","4.99","Unlock premium access to the Bundle 24 crimson cyberpunk fetish collection! • Total assets: 22 files • Category: completed bundles • Complete licensing usage rights included.","wildbill_bundle_24_crimson_cyberpunk_fetish"
"Bundle 23 minimalist high contrast crimson","4.99","Unlock premium access to the Bundle 23 minimalist high contrast crimson collection! • Total assets: 22 files • Category: completed bundles • Complete licensing usage rights included.","wildbill_bundle_23_minimalist_high_contrast_crimson"
"Bundle 18 vaporwave synthwave fetish","4.99","Unlock premium access to the Bundle 18 vaporwave synthwave fetish collection! • Total assets: 18 files • Category: completed bundles • Complete licensing usage rights included.","wildbill_bundle_18_vaporwave_synthwave_fetish"
"Bundle 11 grimy streetwear alternative","4.99","Unlock premium access to the Bundle 11 grimy streetwear alternative collection! • Total assets: 18 files • Category: completed bundles • Complete licensing usage rights included.","wildbill_bundle_11_grimy_streetwear_alternative"
"Bundle 6 neon alternative gothic","4.99","Unlock premium access to the Bundle 6 neon alternative gothic collection! • Total assets: 18 files • Category: completed bundles • Complete licensing usage rights included.","wildbill_bundle_6_neon_alternative_gothic"
"Bundle 25 dark luxury red and matte black","4.99","Unlock premium access to the Bundle 25 dark luxury red and matte black collection! • Total assets: 22 files • Category: completed bundles • Complete licensing usage rights included.","wildbill_bundle_25_dark_luxury_red_and_matte_black"
"Bundle 21 grimy streetwear alternative","4.99","Unlock premium access to the Bundle 21 grimy streetwear alternative collection! • Total assets: 22 files • Category: completed bundles • Complete licensing usage rights included.","wildbill_bundle_21_grimy_streetwear_alternative"
"Bundle 2 grimy streetwear alternative","4.99","Unlock premium access to the Bundle 2 grimy streetwear alternative collection! • Total assets: 18 files • Category: completed bundles • Complete licensing usage rights included.","wildbill_bundle_2_grimy_streetwear_alternative"
"Bundle 4 dark luxury red and matte black","4.99","Unlock premium access to the Bundle 4 dark luxury red and matte black collection! • Total assets: 10 files • Category: completed bundles • Complete licensing usage rights included.","wildbill_bundle_4_dark_luxury_red_and_matte_black"
"Bundle 15 crimson cyberpunk fetish","4.99","Unlock premium access to the Bundle 15 crimson cyberpunk fetish collection! • Total assets: 18 files • Category: completed bundles • Complete licensing usage rights included.","wildbill_bundle_15_crimson_cyberpunk_fetish"
"Bundle 17 gothic luxury velvet","4.99","Unlock premium access to the Bundle 17 gothic luxury velvet collection! • Total assets: 18 files • Category: completed bundles • Complete licensing usage rights included.","wildbill_bundle_17_gothic_luxury_velvet"
"Bundle 4 gothic luxury velvet","4.99","Unlock premium access to the Bundle 4 gothic luxury velvet collection! • Total assets: 18 files • Category: completed bundles • Complete licensing usage rights included.","wildbill_bundle_4_gothic_luxury_velvet"
"Bundle 2 dystopian cyberpunk noir","4.99","Unlock premium access to the Bundle 2 dystopian cyberpunk noir collection! • Total assets: 18 files • Category: completed bundles • Complete licensing usage rights included.","wildbill_bundle_2_dystopian_cyberpunk_noir"
"Bundle 5 neon alternative gothic","4.99","Unlock premium access to the Bundle 5 neon alternative gothic collection! • Total assets: 10 files • Category: completed bundles • Complete licensing usage rights included.","wildbill_bundle_5_neon_alternative_gothic"
"Bundle 13 minimalist high contrast crimson","4.99","Unlock premium access to the Bundle 13 minimalist high contrast crimson collection! • Total assets: 18 files • Category: completed bundles • Complete licensing usage rights included.","wildbill_bundle_13_minimalist_high_contrast_crimson"
"Bundle 20 neon alternative gothic","4.99","Unlock premium access to the Bundle 20 neon alternative gothic collection! • Total assets: 18 files • Category: completed bundles • Complete licensing usage rights included.","wildbill_bundle_20_neon_alternative_gothic"
"Bundle 6 industrial metal and lace","4.99","Unlock premium access to the Bundle 6 industrial metal and lace collection! • Total assets: 10 files • Category: completed bundles • Complete licensing usage rights included.","wildbill_bundle_6_industrial_metal_and_lace"
"Bundle 4 crimson cyberpunk fetish","4.99","Unlock premium access to the Bundle 4 crimson cyberpunk fetish collection! • Total assets: 18 files • Category: completed bundles • Complete licensing usage rights included.","wildbill_bundle_4_crimson_cyberpunk_fetish"
"Bundle 26 neon alternative gothic","4.99","Unlock premium access to the Bundle 26 neon alternative gothic collection! • Total assets: 22 files • Category: completed bundles • Complete licensing usage rights included.","wildbill_bundle_26_neon_alternative_gothic"
"Bundle 1 vaporwave synthwave fetish","4.99","Unlock premium access to the Bundle 1 vaporwave synthwave fetish collection! • Total assets: 14 files • Category: completed bundles • Complete licensing usage rights included.","wildbill_bundle_1_vaporwave_synthwave_fetish"
"Bundle 5 crimson cyberpunk fetish","4.99","Unlock premium access to the Bundle 5 crimson cyberpunk fetish collection! • Total assets: 18 files • Category: completed bundles • Complete licensing usage rights included.","wildbill_bundle_5_crimson_cyberpunk_fetish"
"Bundle 16 industrial metal and lace","4.99","Unlock premium access to the Bundle 16 industrial metal and lace collection! • Total assets: 18 files • Category: completed bundles • Complete licensing usage rights included.","wildbill_bundle_16_industrial_metal_and_lace"
"Bundle 9 dark luxury red and matte black","4.99","Unlock premium access to the Bundle 9 dark luxury red and matte black collection! • Total assets: 18 files • Category: completed bundles • Complete licensing usage rights included.","wildbill_bundle_9_dark_luxury_red_and_matte_black"
"Bundle 1 minimalist high contrast crimson","4.99","Unlock premium access to the Bundle 1 minimalist high contrast crimson collection! • Total assets: 18 files • Category: completed bundles • Complete licensing usage rights included.","wildbill_bundle_1_minimalist_high_contrast_crimson"
"Bundle 1 crimson cyberpunk fetish","4.99","Unlock premium access to the Bundle 1 crimson cyberpunk fetish collection! • Total assets: 10 files • Category: completed bundles • Complete licensing usage rights included.","wildbill_bundle_1_crimson_cyberpunk_fetish"
"Bundle 3 minimalist high contrast crimson","4.99","Unlock premium access to the Bundle 3 minimalist high contrast crimson collection! • Total assets: 10 files • Category: completed bundles • Complete licensing usage rights included.","wildbill_bundle_3_minimalist_high_contrast_crimson"
"Bundle 14 grimy streetwear alternative","4.99","Unlock premium access to the Bundle 14 grimy streetwear alternative collection! • Total assets: 18 files • Category: completed bundles • Complete licensing usage rights included.","wildbill_bundle_14_grimy_streetwear_alternative"
"Bundle 19 dystopian cyberpunk noir","4.99","Unlock premium access to the Bundle 19 dystopian cyberpunk noir collection! • Total assets: 18 files • Category: completed bundles • Complete licensing usage rights included.","wildbill_bundle_19_dystopian_cyberpunk_noir"
"Bundle 10 dark luxury red and matte black","4.99","Unlock premium access to the Bundle 10 dark luxury red and matte black collection! • Total assets: 18 files • Category: completed bundles • Complete licensing usage rights included.","wildbill_bundle_10_dark_luxury_red_and_matte_black"
"Bundle 7 dystopian cyberpunk noir","4.99","Unlock premium access to the Bundle 7 dystopian cyberpunk noir collection! • Total assets: 18 files • Category: completed bundles • Complete licensing usage rights included.","wildbill_bundle_7_dystopian_cyberpunk_noir"
"Bundle 3 industrial metal and lace","4.99","Unlock premium access to the Bundle 3 industrial metal and lace collection! • Total assets: 10 files • Category: completed bundles • Complete licensing usage rights included.","wildbill_bundle_3_industrial_metal_and_lace"
"Bundle 12 gothic luxury velvet","4.99","Unlock premium access to the Bundle 12 gothic luxury velvet collection! • Total assets: 18 files • Category: completed bundles • Complete licensing usage rights included.","wildbill_bundle_12_gothic_luxury_velvet"
"Bundle 8 crimson cyberpunk fetish","4.99","Unlock premium access to the Bundle 8 crimson cyberpunk fetish collection! • Total assets: 18 files • Category: completed bundles • Complete licensing usage rights included.","wildbill_bundle_8_crimson_cyberpunk_fetish"
"Bundle 3 grimy streetwear alternative","4.99","Unlock premium access to the Bundle 3 grimy streetwear alternative collection! • Total assets: 18 files • Category: completed bundles • Complete licensing usage rights included.","wildbill_bundle_3_grimy_streetwear_alternative"
"Bundle 22 crimson cyberpunk fetish","4.99","Unlock premium access to the Bundle 22 crimson cyberpunk fetish collection! • Total assets: 22 files • Category: completed bundles • Complete licensing usage rights included.","wildbill_bundle_22_crimson_cyberpunk_fetish"
"Bundle 1 dark luxury red and matte black","4.99","Unlock premium access to the Bundle 1 dark luxury red and matte black collection! • Total assets: 14 files • Category: Bundle 1 dark luxury red and matte black • Complete licensing usage rights included.","wildbill_bundle_1_dark_luxury_red_and_matte_black"
"Bundle 1 industrial metal and lace","4.99","Unlock premium access to the Bundle 1 industrial metal and lace collection! • Total assets: 18 files • Category: Bundle 1 dark luxury red and matte black • Complete licensing usage rights included.","wildbill_bundle_1_industrial_metal_and_lace"
"Bundle 1 dystopian cyberpunk noir","4.99","Unlock premium access to the Bundle 1 dystopian cyberpunk noir collection! • Total assets: 14 files • Category: Bundle 1 dark luxury red and matte black • Complete licensing usage rights included.","wildbill_bundle_1_dystopian_cyberpunk_noir"
"Bundle 1 gothic luxury velvet","4.99","Unlock premium access to the Bundle 1 gothic luxury velvet collection! • Total assets: 14 files • Category: Bundle 1 dark luxury red and matte black • Complete licensing usage rights included.","wildbill_bundle_1_gothic_luxury_velvet"
"Bundle 49 vaporwave synthwave fetish","4.99","Unlock premium access to the Bundle 49 vaporwave synthwave fetish collection! • Total assets: 32 files • Category: vaporwave synthwave fetish • Complete licensing usage rights included.","wildbill_bundle_49_vaporwave_synthwave_fetish"
"Bundle 55 vaporwave synthwave fetish","4.99","Unlock premium access to the Bundle 55 vaporwave synthwave fetish collection! • Total assets: 32 files • Category: vaporwave synthwave fetish • Complete licensing usage rights included.","wildbill_bundle_55_vaporwave_synthwave_fetish"
"Bundle 195 vaporwave synthwave fetish","4.99","Unlock premium access to the Bundle 195 vaporwave synthwave fetish collection! • Total assets: 32 files • Category: vaporwave synthwave fetish • Complete licensing usage rights included.","wildbill_bundle_195_vaporwave_synthwave_fetish"
"Bundle 156 vaporwave synthwave fetish","4.99","Unlock premium access to the Bundle 156 vaporwave synthwave fetish collection! • Total assets: 32 files • Category: vaporwave synthwave fetish • Complete licensing usage rights included.","wildbill_bundle_156_vaporwave_synthwave_fetish"
"Bundle 34 vaporwave synthwave fetish","4.99","Unlock premium access to the Bundle 34 vaporwave synthwave fetish collection! • Total assets: 18 files • Category: vaporwave synthwave fetish • Complete licensing usage rights included.","wildbill_bundle_34_vaporwave_synthwave_fetish"
"Bundle 31 vaporwave synthwave fetish","4.99","Unlock premium access to the Bundle 31 vaporwave synthwave fetish collection! • Total assets: 18 files • Category: vaporwave synthwave fetish • Complete licensing usage rights included.","wildbill_bundle_31_vaporwave_synthwave_fetish"
"Bundle 211 neon alternative gothic","4.99","Unlock premium access to the Bundle 211 neon alternative gothic collection! • Total assets: 32 files • Category: neon alternative gothic • Complete licensing usage rights included.","wildbill_bundle_211_neon_alternative_gothic"
"Bundle 154 neon alternative gothic","4.99","Unlock premium access to the Bundle 154 neon alternative gothic collection! • Total assets: 32 files • Category: neon alternative gothic • Complete licensing usage rights included.","wildbill_bundle_154_neon_alternative_gothic"
"Bundle 167 neon alternative gothic","4.99","Unlock premium access to the Bundle 167 neon alternative gothic collection! • Total assets: 32 files • Category: neon alternative gothic • Complete licensing usage rights included.","wildbill_bundle_167_neon_alternative_gothic"
"Bundle 146 neon alternative gothic","4.99","Unlock premium access to the Bundle 146 neon alternative gothic collection! • Total assets: 32 files • Category: neon alternative gothic • Complete licensing usage rights included.","wildbill_bundle_146_neon_alternative_gothic"
"Bundle 84 neon alternative gothic","4.99","Unlock premium access to the Bundle 84 neon alternative gothic collection! • Total assets: 32 files • Category: neon alternative gothic • Complete licensing usage rights included.","wildbill_bundle_84_neon_alternative_gothic"
"Bundle 173 neon alternative gothic","4.99","Unlock premium access to the Bundle 173 neon alternative gothic collection! • Total assets: 32 files • Category: neon alternative gothic • Complete licensing usage rights included.","wildbill_bundle_173_neon_alternative_gothic"
"Bundle 134 neon alternative gothic","4.99","Unlock premium access to the Bundle 134 neon alternative gothic collection! • Total assets: 32 files • Category: neon alternative gothic • Complete licensing usage rights included.","wildbill_bundle_134_neon_alternative_gothic"
"Bundle 30 neon alternative gothic","4.99","Unlock premium access to the Bundle 30 neon alternative gothic collection! • Total assets: 18 files • Category: neon alternative gothic • Complete licensing usage rights included.","wildbill_bundle_30_neon_alternative_gothic"
"Bundle 27 neon alternative gothic","4.99","Unlock premium access to the Bundle 27 neon alternative gothic collection! • Total assets: 32 files • Category: neon alternative gothic • Complete licensing usage rights included.","wildbill_bundle_27_neon_alternative_gothic"
"Bundle 99 neon alternative gothic","4.99","Unlock premium access to the Bundle 99 neon alternative gothic collection! • Total assets: 32 files • Category: neon alternative gothic • Complete licensing usage rights included.","wildbill_bundle_99_neon_alternative_gothic"
"Bundle 51 neon alternative gothic","4.99","Unlock premium access to the Bundle 51 neon alternative gothic collection! • Total assets: 32 files • Category: neon alternative gothic • Complete licensing usage rights included.","wildbill_bundle_51_neon_alternative_gothic"
"Bundle 137 neon alternative gothic","4.99","Unlock premium access to the Bundle 137 neon alternative gothic collection! • Total assets: 32 files • Category: neon alternative gothic • Complete licensing usage rights included.","wildbill_bundle_137_neon_alternative_gothic"
"Bundle 210 neon alternative gothic","4.99","Unlock premium access to the Bundle 210 neon alternative gothic collection! • Total assets: 32 files • Category: neon alternative gothic • Complete licensing usage rights included.","wildbill_bundle_210_neon_alternative_gothic"
"Bundle 183 neon alternative gothic","4.99","Unlock premium access to the Bundle 183 neon alternative gothic collection! • Total assets: 32 files • Category: neon alternative gothic • Complete licensing usage rights included.","wildbill_bundle_183_neon_alternative_gothic"
"Bundle 150 gothic luxury velvet","4.99","Unlock premium access to the Bundle 150 gothic luxury velvet collection! • Total assets: 32 files • Category: gothic luxury velvet • Complete licensing usage rights included.","wildbill_bundle_150_gothic_luxury_velvet"
"Bundle 37 gothic luxury velvet","4.99","Unlock premium access to the Bundle 37 gothic luxury velvet collection! • Total assets: 32 files • Category: gothic luxury velvet • Complete licensing usage rights included.","wildbill_bundle_37_gothic_luxury_velvet"
"Bundle 223 gothic luxury velvet","4.99","Unlock premium access to the Bundle 223 gothic luxury velvet collection! • Total assets: 32 files • Category: gothic luxury velvet • Complete licensing usage rights included.","wildbill_bundle_223_gothic_luxury_velvet"
"Bundle 199 gothic luxury velvet","4.99","Unlock premium access to the Bundle 199 gothic luxury velvet collection! • Total assets: 32 files • Category: gothic luxury velvet • Complete licensing usage rights included.","wildbill_bundle_199_gothic_luxury_velvet"
"Bundle 232 gothic luxury velvet","4.99","Unlock premium access to the Bundle 232 gothic luxury velvet collection! • Total assets: 32 files • Category: gothic luxury velvet • Complete licensing usage rights included.","wildbill_bundle_232_gothic_luxury_velvet"
"Bundle 151 gothic luxury velvet","4.99","Unlock premium access to the Bundle 151 gothic luxury velvet collection! • Total assets: 32 files • Category: gothic luxury velvet • Complete licensing usage rights included.","wildbill_bundle_151_gothic_luxury_velvet"
"Bundle 27 gothic luxury velvet","4.99","Unlock premium access to the Bundle 27 gothic luxury velvet collection! • Total assets: 32 files • Category: gothic luxury velvet • Complete licensing usage rights included.","wildbill_bundle_27_gothic_luxury_velvet"
"Bundle 226 gothic luxury velvet","4.99","Unlock premium access to the Bundle 226 gothic luxury velvet collection! • Total assets: 32 files • Category: gothic luxury velvet • Complete licensing usage rights included.","wildbill_bundle_226_gothic_luxury_velvet"
"Bundle 203 gothic luxury velvet","4.99","Unlock premium access to the Bundle 203 gothic luxury velvet collection! • Total assets: 32 files • Category: gothic luxury velvet • Complete licensing usage rights included.","wildbill_bundle_203_gothic_luxury_velvet"
"Bundle 145 gothic luxury velvet","4.99","Unlock premium access to the Bundle 145 gothic luxury velvet collection! • Total assets: 32 files • Category: gothic luxury velvet • Complete licensing usage rights included.","wildbill_bundle_145_gothic_luxury_velvet"
"Bundle 189 gothic luxury velvet","4.99","Unlock premium access to the Bundle 189 gothic luxury velvet collection! • Total assets: 32 files • Category: gothic luxury velvet • Complete licensing usage rights included.","wildbill_bundle_189_gothic_luxury_velvet"
"Bundle 77 aesthetic lofi chill pixel","4.99","Unlock premium access to the Bundle 77 aesthetic lofi chill pixel collection! • Total assets: 32 files • Category: aesthetic lofi chill pixel • Complete licensing usage rights included.","wildbill_bundle_77_aesthetic_lofi_chill_pixel"
"Bundle 98 aesthetic lofi chill pixel","4.99","Unlock premium access to the Bundle 98 aesthetic lofi chill pixel collection! • Total assets: 32 files • Category: aesthetic lofi chill pixel • Complete licensing usage rights included.","wildbill_bundle_98_aesthetic_lofi_chill_pixel"
"Bundle 116 aesthetic lofi chill pixel","4.99","Unlock premium access to the Bundle 116 aesthetic lofi chill pixel collection! • Total assets: 32 files • Category: aesthetic lofi chill pixel • Complete licensing usage rights included.","wildbill_bundle_116_aesthetic_lofi_chill_pixel"
"Bundle 97 aesthetic lofi chill pixel","4.99","Unlock premium access to the Bundle 97 aesthetic lofi chill pixel collection! • Total assets: 32 files • Category: aesthetic lofi chill pixel • Complete licensing usage rights included.","wildbill_bundle_97_aesthetic_lofi_chill_pixel"
"Bundle 208 aesthetic lofi chill pixel","4.99","Unlock premium access to the Bundle 208 aesthetic lofi chill pixel collection! • Total assets: 32 files • Category: aesthetic lofi chill pixel • Complete licensing usage rights included.","wildbill_bundle_208_aesthetic_lofi_chill_pixel"
"Bundle 64 aesthetic lofi chill pixel","4.99","Unlock premium access to the Bundle 64 aesthetic lofi chill pixel collection! • Total assets: 32 files • Category: aesthetic lofi chill pixel • Complete licensing usage rights included.","wildbill_bundle_64_aesthetic_lofi_chill_pixel"
"Bundle 194 aesthetic lofi chill pixel","4.99","Unlock premium access to the Bundle 194 aesthetic lofi chill pixel collection! • Total assets: 32 files • Category: aesthetic lofi chill pixel • Complete licensing usage rights included.","wildbill_bundle_194_aesthetic_lofi_chill_pixel"
"Bundle 214 aesthetic lofi chill pixel","4.99","Unlock premium access to the Bundle 214 aesthetic lofi chill pixel collection! • Total assets: 32 files • Category: aesthetic lofi chill pixel • Complete licensing usage rights included.","wildbill_bundle_214_aesthetic_lofi_chill_pixel"
"Bundle 67 aesthetic lofi chill pixel","4.99","Unlock premium access to the Bundle 67 aesthetic lofi chill pixel collection! • Total assets: 32 files • Category: aesthetic lofi chill pixel • Complete licensing usage rights included.","wildbill_bundle_67_aesthetic_lofi_chill_pixel"
"Bundle 44 aesthetic lofi chill pixel","4.99","Unlock premium access to the Bundle 44 aesthetic lofi chill pixel collection! • Total assets: 32 files • Category: aesthetic lofi chill pixel • Complete licensing usage rights included.","wildbill_bundle_44_aesthetic_lofi_chill_pixel"
"Bundle 144 aesthetic lofi chill pixel","4.99","Unlock premium access to the Bundle 144 aesthetic lofi chill pixel collection! • Total assets: 32 files • Category: aesthetic lofi chill pixel • Complete licensing usage rights included.","wildbill_bundle_144_aesthetic_lofi_chill_pixel"
"Bundle 103 crimson cyberpunk fetish","4.99","Unlock premium access to the Bundle 103 crimson cyberpunk fetish collection! • Total assets: 32 files • Category: crimson cyberpunk fetish • Complete licensing usage rights included.","wildbill_bundle_103_crimson_cyberpunk_fetish"
"Bundle 36 crimson cyberpunk fetish","4.99","Unlock premium access to the Bundle 36 crimson cyberpunk fetish collection! • Total assets: 32 files • Category: crimson cyberpunk fetish • Complete licensing usage rights included.","wildbill_bundle_36_crimson_cyberpunk_fetish"
"Bundle 28 crimson cyberpunk fetish","4.99","Unlock premium access to the Bundle 28 crimson cyberpunk fetish collection! • Total assets: 18 files • Category: crimson cyberpunk fetish • Complete licensing usage rights included.","wildbill_bundle_28_crimson_cyberpunk_fetish"
"Bundle 202 crimson cyberpunk fetish","4.99","Unlock premium access to the Bundle 202 crimson cyberpunk fetish collection! • Total assets: 32 files • Category: crimson cyberpunk fetish • Complete licensing usage rights included.","wildbill_bundle_202_crimson_cyberpunk_fetish"
"Bundle 175 crimson cyberpunk fetish","4.99","Unlock premium access to the Bundle 175 crimson cyberpunk fetish collection! • Total assets: 32 files • Category: crimson cyberpunk fetish • Complete licensing usage rights included.","wildbill_bundle_175_crimson_cyberpunk_fetish"
"Bundle 124 crimson cyberpunk fetish","4.99","Unlock premium access to the Bundle 124 crimson cyberpunk fetish collection! • Total assets: 32 files • Category: crimson cyberpunk fetish • Complete licensing usage rights included.","wildbill_bundle_124_crimson_cyberpunk_fetish"
"Bundle 217 crimson cyberpunk fetish","4.99","Unlock premium access to the Bundle 217 crimson cyberpunk fetish collection! • Total assets: 32 files • Category: crimson cyberpunk fetish • Complete licensing usage rights included.","wildbill_bundle_217_crimson_cyberpunk_fetish"
"Bundle 192 crimson cyberpunk fetish","4.99","Unlock premium access to the Bundle 192 crimson cyberpunk fetish collection! • Total assets: 32 files • Category: crimson cyberpunk fetish • Complete licensing usage rights included.","wildbill_bundle_192_crimson_cyberpunk_fetish"
"Bundle 65 crimson cyberpunk fetish","4.99","Unlock premium access to the Bundle 65 crimson cyberpunk fetish collection! • Total assets: 32 files • Category: crimson cyberpunk fetish • Complete licensing usage rights included.","wildbill_bundle_65_crimson_cyberpunk_fetish"
"Bundle 43 crimson cyberpunk fetish","4.99","Unlock premium access to the Bundle 43 crimson cyberpunk fetish collection! • Total assets: 18 files • Category: crimson cyberpunk fetish • Complete licensing usage rights included.","wildbill_bundle_43_crimson_cyberpunk_fetish"
"Bundle 81 crimson cyberpunk fetish","4.99","Unlock premium access to the Bundle 81 crimson cyberpunk fetish collection! • Total assets: 32 files • Category: crimson cyberpunk fetish • Complete licensing usage rights included.","wildbill_bundle_81_crimson_cyberpunk_fetish"
"Bundle 191 crimson cyberpunk fetish","4.99","Unlock premium access to the Bundle 191 crimson cyberpunk fetish collection! • Total assets: 32 files • Category: crimson cyberpunk fetish • Complete licensing usage rights included.","wildbill_bundle_191_crimson_cyberpunk_fetish"
"Bundle 76 crimson cyberpunk fetish","4.99","Unlock premium access to the Bundle 76 crimson cyberpunk fetish collection! • Total assets: 32 files • Category: crimson cyberpunk fetish • Complete licensing usage rights included.","wildbill_bundle_76_crimson_cyberpunk_fetish"
"Bundle 165 dark luxury red and matte black","4.99","Unlock premium access to the Bundle 165 dark luxury red and matte black collection! • Total assets: 32 files • Category: dark luxury red and matte black • Complete licensing usage rights included.","wildbill_bundle_165_dark_luxury_red_and_matte_black"
"Bundle 73 dark luxury red and matte black","4.99","Unlock premium access to the Bundle 73 dark luxury red and matte black collection! • Total assets: 32 files • Category: dark luxury red and matte black • Complete licensing usage rights included.","wildbill_bundle_73_dark_luxury_red_and_matte_black"
"Bundle 188 dark luxury red and matte black","4.99","Unlock premium access to the Bundle 188 dark luxury red and matte black collection! • Total assets: 32 files • Category: dark luxury red and matte black • Complete licensing usage rights included.","wildbill_bundle_188_dark_luxury_red_and_matte_black"
"Bundle 130 dark luxury red and matte black","4.99","Unlock premium access to the Bundle 130 dark luxury red and matte black collection! • Total assets: 32 files • Category: dark luxury red and matte black • Complete licensing usage rights included.","wildbill_bundle_130_dark_luxury_red_and_matte_black"
"Bundle 63 dark luxury red and matte black","4.99","Unlock premium access to the Bundle 63 dark luxury red and matte black collection! • Total assets: 32 files • Category: dark luxury red and matte black • Complete licensing usage rights included.","wildbill_bundle_63_dark_luxury_red_and_matte_black"
"Bundle 115 dark luxury red and matte black","4.99","Unlock premium access to the Bundle 115 dark luxury red and matte black collection! • Total assets: 32 files • Category: dark luxury red and matte black • Complete licensing usage rights included.","wildbill_bundle_115_dark_luxury_red_and_matte_black"
"Bundle 56 dark luxury red and matte black","4.99","Unlock premium access to the Bundle 56 dark luxury red and matte black collection! • Total assets: 32 files • Category: dark luxury red and matte black • Complete licensing usage rights included.","wildbill_bundle_56_dark_luxury_red_and_matte_black"
"Bundle 95 dark luxury red and matte black","4.99","Unlock premium access to the Bundle 95 dark luxury red and matte black collection! • Total assets: 32 files • Category: dark luxury red and matte black • Complete licensing usage rights included.","wildbill_bundle_95_dark_luxury_red_and_matte_black"
"Bundle 93 dark luxury red and matte black","4.99","Unlock premium access to the Bundle 93 dark luxury red and matte black collection! • Total assets: 32 files • Category: dark luxury red and matte black • Complete licensing usage rights included.","wildbill_bundle_93_dark_luxury_red_and_matte_black"
"Bundle 29 dark luxury red and matte black","4.99","Unlock premium access to the Bundle 29 dark luxury red and matte black collection! • Total assets: 18 files • Category: dark luxury red and matte black • Complete licensing usage rights included.","wildbill_bundle_29_dark_luxury_red_and_matte_black"
"Bundle 42 dark luxury red and matte black","4.99","Unlock premium access to the Bundle 42 dark luxury red and matte black collection! • Total assets: 32 files • Category: dark luxury red and matte black • Complete licensing usage rights included.","wildbill_bundle_42_dark_luxury_red_and_matte_black"
"Bundle 32 dark luxury red and matte black","4.99","Unlock premium access to the Bundle 32 dark luxury red and matte black collection! • Total assets: 18 files • Category: dark luxury red and matte black • Complete licensing usage rights included.","wildbill_bundle_32_dark_luxury_red_and_matte_black"
"Bundle 174 dark luxury red and matte black","4.99","Unlock premium access to the Bundle 174 dark luxury red and matte black collection! • Total assets: 32 files • Category: dark luxury red and matte black • Complete licensing usage rights included.","wildbill_bundle_174_dark_luxury_red_and_matte_black"
"Bundle 201 dark luxury red and matte black","4.99","Unlock premium access to the Bundle 201 dark luxury red and matte black collection! • Total assets: 32 files • Category: dark luxury red and matte black • Complete licensing usage rights included.","wildbill_bundle_201_dark_luxury_red_and_matte_black"
"Bundle 100 dark luxury red and matte black","4.99","Unlock premium access to the Bundle 100 dark luxury red and matte black collection! • Total assets: 32 files • Category: dark luxury red and matte black • Complete licensing usage rights included.","wildbill_bundle_100_dark_luxury_red_and_matte_black"
"Bundle 54 dark luxury red and matte black","4.99","Unlock premium access to the Bundle 54 dark luxury red and matte black collection! • Total assets: 32 files • Category: dark luxury red and matte black • Complete licensing usage rights included.","wildbill_bundle_54_dark_luxury_red_and_matte_black"
"Bundle 178 dark luxury red and matte black","4.99","Unlock premium access to the Bundle 178 dark luxury red and matte black collection! • Total assets: 32 files • Category: dark luxury red and matte black • Complete licensing usage rights included.","wildbill_bundle_178_dark_luxury_red_and_matte_black"
"Bundle 216 glitchcore cyber web vector","4.99","Unlock premium access to the Bundle 216 glitchcore cyber web vector collection! • Total assets: 32 files • Category: glitchcore cyber web vector • Complete licensing usage rights included.","wildbill_bundle_216_glitchcore_cyber_web_vector"
"Bundle 48 glitchcore cyber web vector","4.99","Unlock premium access to the Bundle 48 glitchcore cyber web vector collection! • Total assets: 32 files • Category: glitchcore cyber web vector • Complete licensing usage rights included.","wildbill_bundle_48_glitchcore_cyber_web_vector"
"Bundle 41 glitchcore cyber web vector","4.99","Unlock premium access to the Bundle 41 glitchcore cyber web vector collection! • Total assets: 32 files • Category: glitchcore cyber web vector • Complete licensing usage rights included.","wildbill_bundle_41_glitchcore_cyber_web_vector"
"Bundle 193 glitchcore cyber web vector","4.99","Unlock premium access to the Bundle 193 glitchcore cyber web vector collection! • Total assets: 32 files • Category: glitchcore cyber web vector • Complete licensing usage rights included.","wildbill_bundle_193_glitchcore_cyber_web_vector"
"Bundle 233 glitchcore cyber web vector","4.99","Unlock premium access to the Bundle 233 glitchcore cyber web vector collection! • Total assets: 32 files • Category: glitchcore cyber web vector • Complete licensing usage rights included.","wildbill_bundle_233_glitchcore_cyber_web_vector"
"Bundle 70 glitchcore cyber web vector","4.99","Unlock premium access to the Bundle 70 glitchcore cyber web vector collection! • Total assets: 32 files • Category: glitchcore cyber web vector • Complete licensing usage rights included.","wildbill_bundle_70_glitchcore_cyber_web_vector"
"Bundle 107 glitchcore cyber web vector","4.99","Unlock premium access to the Bundle 107 glitchcore cyber web vector collection! • Total assets: 32 files • Category: glitchcore cyber web vector • Complete licensing usage rights included.","wildbill_bundle_107_glitchcore_cyber_web_vector"
"Bundle 52 glitchcore cyber web vector","4.99","Unlock premium access to the Bundle 52 glitchcore cyber web vector collection! • Total assets: 32 files • Category: glitchcore cyber web vector • Complete licensing usage rights included.","wildbill_bundle_52_glitchcore_cyber_web_vector"
"Bundle 35 glitchcore cyber web vector","4.99","Unlock premium access to the Bundle 35 glitchcore cyber web vector collection! • Total assets: 32 files • Category: glitchcore cyber web vector • Complete licensing usage rights included.","wildbill_bundle_35_glitchcore_cyber_web_vector"
"Bundle 153 glitchcore cyber web vector","4.99","Unlock premium access to the Bundle 153 glitchcore cyber web vector collection! • Total assets: 32 files • Category: glitchcore cyber web vector • Complete licensing usage rights included.","wildbill_bundle_153_glitchcore_cyber_web_vector"
"Bundle 181 glitchcore cyber web vector","4.99","Unlock premium access to the Bundle 181 glitchcore cyber web vector collection! • Total assets: 32 files • Category: glitchcore cyber web vector • Complete licensing usage rights included.","wildbill_bundle_181_glitchcore_cyber_web_vector"
"Bundle 101 glitchcore cyber web vector","4.99","Unlock premium access to the Bundle 101 glitchcore cyber web vector collection! • Total assets: 32 files • Category: glitchcore cyber web vector • Complete licensing usage rights included.","wildbill_bundle_101_glitchcore_cyber_web_vector"
"Bundle 190 glitchcore cyber web vector","4.99","Unlock premium access to the Bundle 190 glitchcore cyber web vector collection! • Total assets: 32 files • Category: glitchcore cyber web vector • Complete licensing usage rights included.","wildbill_bundle_190_glitchcore_cyber_web_vector"
"Bundle 140 glitchcore cyber web vector","4.99","Unlock premium access to the Bundle 140 glitchcore cyber web vector collection! • Total assets: 32 files • Category: glitchcore cyber web vector • Complete licensing usage rights included.","wildbill_bundle_140_glitchcore_cyber_web_vector"
"Bundle 171 glitchcore cyber web vector","4.99","Unlock premium access to the Bundle 171 glitchcore cyber web vector collection! • Total assets: 32 files • Category: glitchcore cyber web vector • Complete licensing usage rights included.","wildbill_bundle_171_glitchcore_cyber_web_vector"
"Bundle 198 glitchcore cyber web vector","4.99","Unlock premium access to the Bundle 198 glitchcore cyber web vector collection! • Total assets: 32 files • Category: glitchcore cyber web vector • Complete licensing usage rights included.","wildbill_bundle_198_glitchcore_cyber_web_vector"
"Bundle 120 glitchcore cyber web vector","4.99","Unlock premium access to the Bundle 120 glitchcore cyber web vector collection! • Total assets: 32 files • Category: glitchcore cyber web vector • Complete licensing usage rights included.","wildbill_bundle_120_glitchcore_cyber_web_vector"
"Bundle 170 glitchcore cyber web vector","4.99","Unlock premium access to the Bundle 170 glitchcore cyber web vector collection! • Total assets: 32 files • Category: glitchcore cyber web vector • Complete licensing usage rights included.","wildbill_bundle_170_glitchcore_cyber_web_vector"
"Bundle 205 glitchcore cyber web vector","4.99","Unlock premium access to the Bundle 205 glitchcore cyber web vector collection! • Total assets: 32 files • Category: glitchcore cyber web vector • Complete licensing usage rights included.","wildbill_bundle_205_glitchcore_cyber_web_vector"
"Bundle 123 glitchcore cyber web vector","4.99","Unlock premium access to the Bundle 123 glitchcore cyber web vector collection! • Total assets: 32 files • Category: glitchcore cyber web vector • Complete licensing usage rights included.","wildbill_bundle_123_glitchcore_cyber_web_vector"
"Bundle 92 grimdark elden fantasy","4.99","Unlock premium access to the Bundle 92 grimdark elden fantasy collection! • Total assets: 32 files • Category: grimdark elden fantasy • Complete licensing usage rights included.","wildbill_bundle_92_grimdark_elden_fantasy"
"Bundle 69 grimdark elden fantasy","4.99","Unlock premium access to the Bundle 69 grimdark elden fantasy collection! • Total assets: 32 files • Category: grimdark elden fantasy • Complete licensing usage rights included.","wildbill_bundle_69_grimdark_elden_fantasy"
"Bundle 155 grimdark elden fantasy","4.99","Unlock premium access to the Bundle 155 grimdark elden fantasy collection! • Total assets: 32 files • Category: grimdark elden fantasy • Complete licensing usage rights included.","wildbill_bundle_155_grimdark_elden_fantasy"
"Bundle 91 grimdark elden fantasy","4.99","Unlock premium access to the Bundle 91 grimdark elden fantasy collection! • Total assets: 32 files • Category: grimdark elden fantasy • Complete licensing usage rights included.","wildbill_bundle_91_grimdark_elden_fantasy"
"Bundle 28 grimdark elden fantasy","4.99","Unlock premium access to the Bundle 28 grimdark elden fantasy collection! • Total assets: 32 files • Category: grimdark elden fantasy • Complete licensing usage rights included.","wildbill_bundle_28_grimdark_elden_fantasy"
"Bundle 61 grimdark elden fantasy","4.99","Unlock premium access to the Bundle 61 grimdark elden fantasy collection! • Total assets: 32 files • Category: grimdark elden fantasy • Complete licensing usage rights included.","wildbill_bundle_61_grimdark_elden_fantasy"
"Bundle 59 grimdark elden fantasy","4.99","Unlock premium access to the Bundle 59 grimdark elden fantasy collection! • Total assets: 32 files • Category: grimdark elden fantasy • Complete licensing usage rights included.","wildbill_bundle_59_grimdark_elden_fantasy"
"Bundle 207 grimdark elden fantasy","4.99","Unlock premium access to the Bundle 207 grimdark elden fantasy collection! • Total assets: 32 files • Category: grimdark elden fantasy • Complete licensing usage rights included.","wildbill_bundle_207_grimdark_elden_fantasy"
"Bundle 234 grimdark elden fantasy","4.99","Unlock premium access to the Bundle 234 grimdark elden fantasy collection! • Total assets: 32 files • Category: grimdark elden fantasy • Complete licensing usage rights included.","wildbill_bundle_234_grimdark_elden_fantasy"
"Bundle 157 grimdark elden fantasy","4.99","Unlock premium access to the Bundle 157 grimdark elden fantasy collection! • Total assets: 32 files • Category: grimdark elden fantasy • Complete licensing usage rights included.","wildbill_bundle_157_grimdark_elden_fantasy"
"Bundle 96 grimdark elden fantasy","4.99","Unlock premium access to the Bundle 96 grimdark elden fantasy collection! • Total assets: 32 files • Category: grimdark elden fantasy • Complete licensing usage rights included.","wildbill_bundle_96_grimdark_elden_fantasy"
"Bundle 206 grimdark elden fantasy","4.99","Unlock premium access to the Bundle 206 grimdark elden fantasy collection! • Total assets: 32 files • Category: grimdark elden fantasy • Complete licensing usage rights included.","wildbill_bundle_206_grimdark_elden_fantasy"
"Bundle 159 grimdark elden fantasy","4.99","Unlock premium access to the Bundle 159 grimdark elden fantasy collection! • Total assets: 32 files • Category: grimdark elden fantasy • Complete licensing usage rights included.","wildbill_bundle_159_grimdark_elden_fantasy"
"Bundle 231 grimdark elden fantasy","4.99","Unlock premium access to the Bundle 231 grimdark elden fantasy collection! • Total assets: 32 files • Category: grimdark elden fantasy • Complete licensing usage rights included.","wildbill_bundle_231_grimdark_elden_fantasy"
"Bundle 227 grimdark elden fantasy","4.99","Unlock premium access to the Bundle 227 grimdark elden fantasy collection! • Total assets: 32 files • Category: grimdark elden fantasy • Complete licensing usage rights included.","wildbill_bundle_227_grimdark_elden_fantasy"
"Bundle 196 grimdark elden fantasy","4.99","Unlock premium access to the Bundle 196 grimdark elden fantasy collection! • Total assets: 32 files • Category: grimdark elden fantasy • Complete licensing usage rights included.","wildbill_bundle_196_grimdark_elden_fantasy"
"Bundle 131 grimdark elden fantasy","4.99","Unlock premium access to the Bundle 131 grimdark elden fantasy collection! • Total assets: 32 files • Category: grimdark elden fantasy • Complete licensing usage rights included.","wildbill_bundle_131_grimdark_elden_fantasy"
"Bundle 125 grimdark elden fantasy","4.99","Unlock premium access to the Bundle 125 grimdark elden fantasy collection! • Total assets: 26 files • Category: grimdark elden fantasy • Complete licensing usage rights included.","wildbill_bundle_125_grimdark_elden_fantasy"
"Bundle 230 grimdark elden fantasy","4.99","Unlock premium access to the Bundle 230 grimdark elden fantasy collection! • Total assets: 32 files • Category: grimdark elden fantasy • Complete licensing usage rights included.","wildbill_bundle_230_grimdark_elden_fantasy"
"Bundle 89 grimdark elden fantasy","4.99","Unlock premium access to the Bundle 89 grimdark elden fantasy collection! • Total assets: 32 files • Category: grimdark elden fantasy • Complete licensing usage rights included.","wildbill_bundle_89_grimdark_elden_fantasy"
"Bundle 71 grimdark elden fantasy","4.99","Unlock premium access to the Bundle 71 grimdark elden fantasy collection! • Total assets: 32 files • Category: grimdark elden fantasy • Complete licensing usage rights included.","wildbill_bundle_71_grimdark_elden_fantasy"
"Bundle 38 dystopian cyberpunk noir","4.99","Unlock premium access to the Bundle 38 dystopian cyberpunk noir collection! • Total assets: 32 files • Category: dystopian cyberpunk noir • Complete licensing usage rights included.","wildbill_bundle_38_dystopian_cyberpunk_noir"
"Bundle 169 dystopian cyberpunk noir","4.99","Unlock premium access to the Bundle 169 dystopian cyberpunk noir collection! • Total assets: 32 files • Category: dystopian cyberpunk noir • Complete licensing usage rights included.","wildbill_bundle_169_dystopian_cyberpunk_noir"
"Bundle 220 dystopian cyberpunk noir","4.99","Unlock premium access to the Bundle 220 dystopian cyberpunk noir collection! • Total assets: 32 files • Category: dystopian cyberpunk noir • Complete licensing usage rights included.","wildbill_bundle_220_dystopian_cyberpunk_noir"
"Bundle 104 dystopian cyberpunk noir","4.99","Unlock premium access to the Bundle 104 dystopian cyberpunk noir collection! • Total assets: 32 files • Category: dystopian cyberpunk noir • Complete licensing usage rights included.","wildbill_bundle_104_dystopian_cyberpunk_noir"
"Bundle 204 dystopian cyberpunk noir","4.99","Unlock premium access to the Bundle 204 dystopian cyberpunk noir collection! • Total assets: 32 files • Category: dystopian cyberpunk noir • Complete licensing usage rights included.","wildbill_bundle_204_dystopian_cyberpunk_noir"
"Bundle 118 dystopian cyberpunk noir","4.99","Unlock premium access to the Bundle 118 dystopian cyberpunk noir collection! • Total assets: 32 files • Category: dystopian cyberpunk noir • Complete licensing usage rights included.","wildbill_bundle_118_dystopian_cyberpunk_noir"
"Bundle 126 dystopian cyberpunk noir","4.99","Unlock premium access to the Bundle 126 dystopian cyberpunk noir collection! • Total assets: 32 files • Category: dystopian cyberpunk noir • Complete licensing usage rights included.","wildbill_bundle_126_dystopian_cyberpunk_noir"
"Bundle 147 dystopian cyberpunk noir","4.99","Unlock premium access to the Bundle 147 dystopian cyberpunk noir collection! • Total assets: 32 files • Category: dystopian cyberpunk noir • Complete licensing usage rights included.","wildbill_bundle_147_dystopian_cyberpunk_noir"
"Bundle 79 dystopian cyberpunk noir","4.99","Unlock premium access to the Bundle 79 dystopian cyberpunk noir collection! • Total assets: 32 files • Category: dystopian cyberpunk noir • Complete licensing usage rights included.","wildbill_bundle_79_dystopian_cyberpunk_noir"
"Bundle 117 phonk drift jdm streetwear","4.99","Unlock premium access to the Bundle 117 phonk drift jdm streetwear collection! • Total assets: 32 files • Category: phonk drift jdm streetwear • Complete licensing usage rights included.","wildbill_bundle_117_phonk_drift_jdm_streetwear"
"Bundle 90 phonk drift jdm streetwear","4.99","Unlock premium access to the Bundle 90 phonk drift jdm streetwear collection! • Total assets: 32 files • Category: phonk drift jdm streetwear • Complete licensing usage rights included.","wildbill_bundle_90_phonk_drift_jdm_streetwear"
"Bundle 133 phonk drift jdm streetwear","4.99","Unlock premium access to the Bundle 133 phonk drift jdm streetwear collection! • Total assets: 32 files • Category: phonk drift jdm streetwear • Complete licensing usage rights included.","wildbill_bundle_133_phonk_drift_jdm_streetwear"
"Bundle 212 phonk drift jdm streetwear","4.99","Unlock premium access to the Bundle 212 phonk drift jdm streetwear collection! • Total assets: 32 files • Category: phonk drift jdm streetwear • Complete licensing usage rights included.","wildbill_bundle_212_phonk_drift_jdm_streetwear"
"Bundle 109 phonk drift jdm streetwear","4.99","Unlock premium access to the Bundle 109 phonk drift jdm streetwear collection! • Total assets: 32 files • Category: phonk drift jdm streetwear • Complete licensing usage rights included.","wildbill_bundle_109_phonk_drift_jdm_streetwear"
"Bundle 122 industrial metal and lace","4.99","Unlock premium access to the Bundle 122 industrial metal and lace collection! • Total assets: 32 files • Category: industrial metal and lace • Complete licensing usage rights included.","wildbill_bundle_122_industrial_metal_and_lace"
"Bundle 136 industrial metal and lace","4.99","Unlock premium access to the Bundle 136 industrial metal and lace collection! • Total assets: 32 files • Category: industrial metal and lace • Complete licensing usage rights included.","wildbill_bundle_136_industrial_metal_and_lace"
"Bundle 142 industrial metal and lace","4.99","Unlock premium access to the Bundle 142 industrial metal and lace collection! • Total assets: 32 files • Category: industrial metal and lace • Complete licensing usage rights included.","wildbill_bundle_142_industrial_metal_and_lace"
"Bundle 218 industrial metal and lace","4.99","Unlock premium access to the Bundle 218 industrial metal and lace collection! • Total assets: 32 files • Category: industrial metal and lace • Complete licensing usage rights included.","wildbill_bundle_218_industrial_metal_and_lace"
"Bundle 30 industrial metal and lace","4.99","Unlock premium access to the Bundle 30 industrial metal and lace collection! • Total assets: 18 files • Category: industrial metal and lace • Complete licensing usage rights included.","wildbill_bundle_30_industrial_metal_and_lace"
"Bundle 50 industrial metal and lace","4.99","Unlock premium access to the Bundle 50 industrial metal and lace collection! • Total assets: 32 files • Category: industrial metal and lace • Complete licensing usage rights included.","wildbill_bundle_50_industrial_metal_and_lace"
"Bundle 60 industrial metal and lace","4.99","Unlock premium access to the Bundle 60 industrial metal and lace collection! • Total assets: 32 files • Category: industrial metal and lace • Complete licensing usage rights included.","wildbill_bundle_60_industrial_metal_and_lace"
"Bundle 132 industrial metal and lace","4.99","Unlock premium access to the Bundle 132 industrial metal and lace collection! • Total assets: 32 files • Category: industrial metal and lace • Complete licensing usage rights included.","wildbill_bundle_132_industrial_metal_and_lace"
"Bundle 197 industrial metal and lace","4.99","Unlock premium access to the Bundle 197 industrial metal and lace collection! • Total assets: 32 files • Category: industrial metal and lace • Complete licensing usage rights included.","wildbill_bundle_197_industrial_metal_and_lace"
"Bundle 58 industrial metal and lace","4.99","Unlock premium access to the Bundle 58 industrial metal and lace collection! • Total assets: 18 files • Category: industrial metal and lace • Complete licensing usage rights included.","wildbill_bundle_58_industrial_metal_and_lace"
"Bundle 172 industrial metal and lace","4.99","Unlock premium access to the Bundle 172 industrial metal and lace collection! • Total assets: 32 files • Category: industrial metal and lace • Complete licensing usage rights included.","wildbill_bundle_172_industrial_metal_and_lace"
"Bundle 182 industrial metal and lace","4.99","Unlock premium access to the Bundle 182 industrial metal and lace collection! • Total assets: 32 files • Category: industrial metal and lace • Complete licensing usage rights included.","wildbill_bundle_182_industrial_metal_and_lace"
"Bundle 219 industrial metal and lace","4.99","Unlock premium access to the Bundle 219 industrial metal and lace collection! • Total assets: 32 files • Category: industrial metal and lace • Complete licensing usage rights included.","wildbill_bundle_219_industrial_metal_and_lace"
"Bundle 160 industrial metal and lace","4.99","Unlock premium access to the Bundle 160 industrial metal and lace collection! • Total assets: 32 files • Category: industrial metal and lace • Complete licensing usage rights included.","wildbill_bundle_160_industrial_metal_and_lace"
"Bundle 46 industrial metal and lace","4.99","Unlock premium access to the Bundle 46 industrial metal and lace collection! • Total assets: 32 files • Category: industrial metal and lace • Complete licensing usage rights included.","wildbill_bundle_46_industrial_metal_and_lace"
"Bundle 180 industrial metal and lace","4.99","Unlock premium access to the Bundle 180 industrial metal and lace collection! • Total assets: 32 files • Category: industrial metal and lace • Complete licensing usage rights included.","wildbill_bundle_180_industrial_metal_and_lace"
"Bundle 94 industrial metal and lace","4.99","Unlock premium access to the Bundle 94 industrial metal and lace collection! • Total assets: 32 files • Category: industrial metal and lace • Complete licensing usage rights included.","wildbill_bundle_94_industrial_metal_and_lace"
"Bundle 163 minimalist high contrast crimson","4.99","Unlock premium access to the Bundle 163 minimalist high contrast crimson collection! • Total assets: 32 files • Category: minimalist high contrast crimson • Complete licensing usage rights included.","wildbill_bundle_163_minimalist_high_contrast_crimson"
"Bundle 229 minimalist high contrast crimson","4.99","Unlock premium access to the Bundle 229 minimalist high contrast crimson collection! • Total assets: 32 files • Category: minimalist high contrast crimson • Complete licensing usage rights included.","wildbill_bundle_229_minimalist_high_contrast_crimson"
"Bundle 75 minimalist high contrast crimson","4.99","Unlock premium access to the Bundle 75 minimalist high contrast crimson collection! • Total assets: 32 files • Category: minimalist high contrast crimson • Complete licensing usage rights included.","wildbill_bundle_75_minimalist_high_contrast_crimson"
"Bundle 213 minimalist high contrast crimson","4.99","Unlock premium access to the Bundle 213 minimalist high contrast crimson collection! • Total assets: 32 files • Category: minimalist high contrast crimson • Complete licensing usage rights included.","wildbill_bundle_213_minimalist_high_contrast_crimson"
"Bundle 158 minimalist high contrast crimson","4.99","Unlock premium access to the Bundle 158 minimalist high contrast crimson collection! • Total assets: 32 files • Category: minimalist high contrast crimson • Complete licensing usage rights included.","wildbill_bundle_158_minimalist_high_contrast_crimson"
"Bundle 27 minimalist high contrast crimson","4.99","Unlock premium access to the Bundle 27 minimalist high contrast crimson collection! • Total assets: 32 files • Category: minimalist high contrast crimson • Complete licensing usage rights included.","wildbill_bundle_27_minimalist_high_contrast_crimson"
"Bundle 121 minimalist high contrast crimson","4.99","Unlock premium access to the Bundle 121 minimalist high contrast crimson collection! • Total assets: 32 files • Category: minimalist high contrast crimson • Complete licensing usage rights included.","wildbill_bundle_121_minimalist_high_contrast_crimson"
"Bundle 164 minimalist high contrast crimson","4.99","Unlock premium access to the Bundle 164 minimalist high contrast crimson collection! • Total assets: 32 files • Category: minimalist high contrast crimson • Complete licensing usage rights included.","wildbill_bundle_164_minimalist_high_contrast_crimson"
"Bundle 161 minimalist high contrast crimson","4.99","Unlock premium access to the Bundle 161 minimalist high contrast crimson collection! • Total assets: 32 files • Category: minimalist high contrast crimson • Complete licensing usage rights included.","wildbill_bundle_161_minimalist_high_contrast_crimson"
"Bundle 39 minimalist high contrast crimson","4.99","Unlock premium access to the Bundle 39 minimalist high contrast crimson collection! • Total assets: 18 files • Category: minimalist high contrast crimson • Complete licensing usage rights included.","wildbill_bundle_39_minimalist_high_contrast_crimson"
"Bundle 127 minimalist high contrast crimson","4.99","Unlock premium access to the Bundle 127 minimalist high contrast crimson collection! • Total assets: 32 files • Category: minimalist high contrast crimson • Complete licensing usage rights included.","wildbill_bundle_127_minimalist_high_contrast_crimson"
"Bundle 82 minimalist high contrast crimson","4.99","Unlock premium access to the Bundle 82 minimalist high contrast crimson collection! • Total assets: 32 files • Category: minimalist high contrast crimson • Complete licensing usage rights included.","wildbill_bundle_82_minimalist_high_contrast_crimson"
"Bundle 187 minimalist high contrast crimson","4.99","Unlock premium access to the Bundle 187 minimalist high contrast crimson collection! • Total assets: 32 files • Category: minimalist high contrast crimson • Complete licensing usage rights included.","wildbill_bundle_187_minimalist_high_contrast_crimson"
"Bundle 88 minimalist high contrast crimson","4.99","Unlock premium access to the Bundle 88 minimalist high contrast crimson collection! • Total assets: 32 files • Category: minimalist high contrast crimson • Complete licensing usage rights included.","wildbill_bundle_88_minimalist_high_contrast_crimson"
"Bundle 102 minimalist high contrast crimson","4.99","Unlock premium access to the Bundle 102 minimalist high contrast crimson collection! • Total assets: 18 files • Category: minimalist high contrast crimson • Complete licensing usage rights included.","wildbill_bundle_102_minimalist_high_contrast_crimson"
"Bundle 53 minimalist high contrast crimson","4.99","Unlock premium access to the Bundle 53 minimalist high contrast crimson collection! • Total assets: 32 files • Category: minimalist high contrast crimson • Complete licensing usage rights included.","wildbill_bundle_53_minimalist_high_contrast_crimson"
"Bundle 85 mecha industrial sci fi","4.99","Unlock premium access to the Bundle 85 mecha industrial sci fi collection! • Total assets: 32 files • Category: mecha industrial sci fi • Complete licensing usage rights included.","wildbill_bundle_85_mecha_industrial_sci_fi"
"Bundle 68 mecha industrial sci fi","4.99","Unlock premium access to the Bundle 68 mecha industrial sci fi collection! • Total assets: 32 files • Category: mecha industrial sci fi • Complete licensing usage rights included.","wildbill_bundle_68_mecha_industrial_sci_fi"
"Bundle 108 mecha industrial sci fi","4.99","Unlock premium access to the Bundle 108 mecha industrial sci fi collection! • Total assets: 32 files • Category: mecha industrial sci fi • Complete licensing usage rights included.","wildbill_bundle_108_mecha_industrial_sci_fi"
"Bundle 224 mecha industrial sci fi","4.99","Unlock premium access to the Bundle 224 mecha industrial sci fi collection! • Total assets: 32 files • Category: mecha industrial sci fi • Complete licensing usage rights included.","wildbill_bundle_224_mecha_industrial_sci_fi"
"Bundle 57 mecha industrial sci fi","4.99","Unlock premium access to the Bundle 57 mecha industrial sci fi collection! • Total assets: 32 files • Category: mecha industrial sci fi • Complete licensing usage rights included.","wildbill_bundle_57_mecha_industrial_sci_fi"
"Bundle 33 mecha industrial sci fi","4.99","Unlock premium access to the Bundle 33 mecha industrial sci fi collection! • Total assets: 32 files • Category: mecha industrial sci fi • Complete licensing usage rights included.","wildbill_bundle_33_mecha_industrial_sci_fi"
"Bundle 80 mecha industrial sci fi","4.99","Unlock premium access to the Bundle 80 mecha industrial sci fi collection! • Total assets: 32 files • Category: mecha industrial sci fi • Complete licensing usage rights included.","wildbill_bundle_80_mecha_industrial_sci_fi"
"Bundle 105 mecha industrial sci fi","4.99","Unlock premium access to the Bundle 105 mecha industrial sci fi collection! • Total assets: 32 files • Category: mecha industrial sci fi • Complete licensing usage rights included.","wildbill_bundle_105_mecha_industrial_sci_fi"
"Bundle 112 mecha industrial sci fi","4.99","Unlock premium access to the Bundle 112 mecha industrial sci fi collection! • Total assets: 32 files • Category: mecha industrial sci fi • Complete licensing usage rights included.","wildbill_bundle_112_mecha_industrial_sci_fi"
"Bundle 119 mecha industrial sci fi","4.99","Unlock premium access to the Bundle 119 mecha industrial sci fi collection! • Total assets: 32 files • Category: mecha industrial sci fi • Complete licensing usage rights included.","wildbill_bundle_119_mecha_industrial_sci_fi"
"Bundle 72 mecha industrial sci fi","4.99","Unlock premium access to the Bundle 72 mecha industrial sci fi collection! • Total assets: 32 files • Category: mecha industrial sci fi • Complete licensing usage rights included.","wildbill_bundle_72_mecha_industrial_sci_fi"
"Bundle 66 mecha industrial sci fi","4.99","Unlock premium access to the Bundle 66 mecha industrial sci fi collection! • Total assets: 32 files • Category: mecha industrial sci fi • Complete licensing usage rights included.","wildbill_bundle_66_mecha_industrial_sci_fi"
"Bundle 111 mecha industrial sci fi","4.99","Unlock premium access to the Bundle 111 mecha industrial sci fi collection! • Total assets: 32 files • Category: mecha industrial sci fi • Complete licensing usage rights included.","wildbill_bundle_111_mecha_industrial_sci_fi"
"Bundle 138 mecha industrial sci fi","4.99","Unlock premium access to the Bundle 138 mecha industrial sci fi collection! • Total assets: 32 files • Category: mecha industrial sci fi • Complete licensing usage rights included.","wildbill_bundle_138_mecha_industrial_sci_fi"
"Bundle 148 mecha industrial sci fi","4.99","Unlock premium access to the Bundle 148 mecha industrial sci fi collection! • Total assets: 32 files • Category: mecha industrial sci fi • Complete licensing usage rights included.","wildbill_bundle_148_mecha_industrial_sci_fi"
"Bundle 225 electric pocket monster mech","4.99","Unlock premium access to the Bundle 225 electric pocket monster mech collection! • Total assets: 32 files • Category: electric pocket monster mech • Complete licensing usage rights included.","wildbill_bundle_225_electric_pocket_monster_mech"
"Bundle 176 electric pocket monster mech","4.99","Unlock premium access to the Bundle 176 electric pocket monster mech collection! • Total assets: 32 files • Category: electric pocket monster mech • Complete licensing usage rights included.","wildbill_bundle_176_electric_pocket_monster_mech"
"Bundle 28 electric pocket monster mech","4.99","Unlock premium access to the Bundle 28 electric pocket monster mech collection! • Total assets: 32 files • Category: electric pocket monster mech • Complete licensing usage rights included.","wildbill_bundle_28_electric_pocket_monster_mech"
"Bundle 221 electric pocket monster mech","4.99","Unlock premium access to the Bundle 221 electric pocket monster mech collection! • Total assets: 32 files • Category: electric pocket monster mech • Complete licensing usage rights included.","wildbill_bundle_221_electric_pocket_monster_mech"
"Bundle 149 electric pocket monster mech","4.99","Unlock premium access to the Bundle 149 electric pocket monster mech collection! • Total assets: 32 files • Category: electric pocket monster mech • Complete licensing usage rights included.","wildbill_bundle_149_electric_pocket_monster_mech"
"Bundle 215 electric pocket monster mech","4.99","Unlock premium access to the Bundle 215 electric pocket monster mech collection! • Total assets: 32 files • Category: electric pocket monster mech • Complete licensing usage rights included.","wildbill_bundle_215_electric_pocket_monster_mech"
"Bundle 74 electric pocket monster mech","4.99","Unlock premium access to the Bundle 74 electric pocket monster mech collection! • Total assets: 32 files • Category: electric pocket monster mech • Complete licensing usage rights included.","wildbill_bundle_74_electric_pocket_monster_mech"
"Bundle 186 electric pocket monster mech","4.99","Unlock premium access to the Bundle 186 electric pocket monster mech collection! • Total assets: 32 files • Category: electric pocket monster mech • Complete licensing usage rights included.","wildbill_bundle_186_electric_pocket_monster_mech"
"Bundle 152 electric pocket monster mech","4.99","Unlock premium access to the Bundle 152 electric pocket monster mech collection! • Total assets: 32 files • Category: electric pocket monster mech • Complete licensing usage rights included.","wildbill_bundle_152_electric_pocket_monster_mech"
"Bundle 106 psychedelic dark psy tech","4.99","Unlock premium access to the Bundle 106 psychedelic dark psy tech collection! • Total assets: 32 files • Category: psychedelic dark psy tech • Complete licensing usage rights included.","wildbill_bundle_106_psychedelic_dark_psy_tech"
"Bundle 228 psychedelic dark psy tech","4.99","Unlock premium access to the Bundle 228 psychedelic dark psy tech collection! • Total assets: 32 files • Category: psychedelic dark psy tech • Complete licensing usage rights included.","wildbill_bundle_228_psychedelic_dark_psy_tech"
"Bundle 177 psychedelic dark psy tech","4.99","Unlock premium access to the Bundle 177 psychedelic dark psy tech collection! • Total assets: 32 files • Category: psychedelic dark psy tech • Complete licensing usage rights included.","wildbill_bundle_177_psychedelic_dark_psy_tech"
"Bundle 29 psychedelic dark psy tech","4.99","Unlock premium access to the Bundle 29 psychedelic dark psy tech collection! • Total assets: 32 files • Category: psychedelic dark psy tech • Complete licensing usage rights included.","wildbill_bundle_29_psychedelic_dark_psy_tech"
"Bundle 62 psychedelic dark psy tech","4.99","Unlock premium access to the Bundle 62 psychedelic dark psy tech collection! • Total assets: 32 files • Category: psychedelic dark psy tech • Complete licensing usage rights included.","wildbill_bundle_62_psychedelic_dark_psy_tech"
"Bundle 185 psychedelic dark psy tech","4.99","Unlock premium access to the Bundle 185 psychedelic dark psy tech collection! • Total assets: 32 files • Category: psychedelic dark psy tech • Complete licensing usage rights included.","wildbill_bundle_185_psychedelic_dark_psy_tech"
"Bundle 139 psychedelic dark psy tech","4.99","Unlock premium access to the Bundle 139 psychedelic dark psy tech collection! • Total assets: 32 files • Category: psychedelic dark psy tech • Complete licensing usage rights included.","wildbill_bundle_139_psychedelic_dark_psy_tech"
"Bundle 162 psychedelic dark psy tech","4.99","Unlock premium access to the Bundle 162 psychedelic dark psy tech collection! • Total assets: 32 files • Category: psychedelic dark psy tech • Complete licensing usage rights included.","wildbill_bundle_162_psychedelic_dark_psy_tech"
"Bundle 222 psychedelic dark psy tech","4.99","Unlock premium access to the Bundle 222 psychedelic dark psy tech collection! • Total assets: 32 files • Category: psychedelic dark psy tech • Complete licensing usage rights included.","wildbill_bundle_222_psychedelic_dark_psy_tech"
"Bundle 87 psychedelic dark psy tech","4.99","Unlock premium access to the Bundle 87 psychedelic dark psy tech collection! • Total assets: 32 files • Category: psychedelic dark psy tech • Complete licensing usage rights included.","wildbill_bundle_87_psychedelic_dark_psy_tech"
"Bundle 83 psychedelic dark psy tech","4.99","Unlock premium access to the Bundle 83 psychedelic dark psy tech collection! • Total assets: 32 files • Category: psychedelic dark psy tech • Complete licensing usage rights included.","wildbill_bundle_83_psychedelic_dark_psy_tech"
"Bundle 135 psychedelic dark psy tech","4.99","Unlock premium access to the Bundle 135 psychedelic dark psy tech collection! • Total assets: 32 files • Category: psychedelic dark psy tech • Complete licensing usage rights included.","wildbill_bundle_135_psychedelic_dark_psy_tech"
"Bundle 86 psychedelic dark psy tech","4.99","Unlock premium access to the Bundle 86 psychedelic dark psy tech collection! • Total assets: 32 files • Category: psychedelic dark psy tech • Complete licensing usage rights included.","wildbill_bundle_86_psychedelic_dark_psy_tech"
"Bundle 40 y2k acid glitch vector","4.99","Unlock premium access to the Bundle 40 y2k acid glitch vector collection! • Total assets: 32 files • Category: y2k acid glitch vector • Complete licensing usage rights included.","wildbill_bundle_40_y2k_acid_glitch_vector"
"Bundle 45 y2k acid glitch vector","4.99","Unlock premium access to the Bundle 45 y2k acid glitch vector collection! • Total assets: 32 files • Category: y2k acid glitch vector • Complete licensing usage rights included.","wildbill_bundle_45_y2k_acid_glitch_vector"
"Bundle 128 y2k acid glitch vector","4.99","Unlock premium access to the Bundle 128 y2k acid glitch vector collection! • Total assets: 32 files • Category: y2k acid glitch vector • Complete licensing usage rights included.","wildbill_bundle_128_y2k_acid_glitch_vector"
"Bundle 114 y2k acid glitch vector","4.99","Unlock premium access to the Bundle 114 y2k acid glitch vector collection! • Total assets: 32 files • Category: y2k acid glitch vector • Complete licensing usage rights included.","wildbill_bundle_114_y2k_acid_glitch_vector"
"Bundle 78 y2k acid glitch vector","4.99","Unlock premium access to the Bundle 78 y2k acid glitch vector collection! • Total assets: 32 files • Category: y2k acid glitch vector • Complete licensing usage rights included.","wildbill_bundle_78_y2k_acid_glitch_vector"
"Bundle 168 y2k acid glitch vector","4.99","Unlock premium access to the Bundle 168 y2k acid glitch vector collection! • Total assets: 32 files • Category: y2k acid glitch vector • Complete licensing usage rights included.","wildbill_bundle_168_y2k_acid_glitch_vector"
"Bundle 179 y2k acid glitch vector","4.99","Unlock premium access to the Bundle 179 y2k acid glitch vector collection! • Total assets: 32 files • Category: y2k acid glitch vector • Complete licensing usage rights included.","wildbill_bundle_179_y2k_acid_glitch_vector"
"Bundle 143 y2k acid glitch vector","4.99","Unlock premium access to the Bundle 143 y2k acid glitch vector collection! • Total assets: 32 files • Category: y2k acid glitch vector • Complete licensing usage rights included.","wildbill_bundle_143_y2k_acid_glitch_vector"
"Bundle 47 y2k acid glitch vector","4.99","Unlock premium access to the Bundle 47 y2k acid glitch vector collection! • Total assets: 32 files • Category: y2k acid glitch vector • Complete licensing usage rights included.","wildbill_bundle_47_y2k_acid_glitch_vector"
"Bundle 28 y2k acid glitch vector","4.99","Unlock premium access to the Bundle 28 y2k acid glitch vector collection! • Total assets: 32 files • Category: y2k acid glitch vector • Complete licensing usage rights included.","wildbill_bundle_28_y2k_acid_glitch_vector"
"Bundle 141 y2k acid glitch vector","4.99","Unlock premium access to the Bundle 141 y2k acid glitch vector collection! • Total assets: 32 files • Category: y2k acid glitch vector • Complete licensing usage rights included.","wildbill_bundle_141_y2k_acid_glitch_vector"
"Bundle 200 y2k acid glitch vector","4.99","Unlock premium access to the Bundle 200 y2k acid glitch vector collection! • Total assets: 32 files • Category: y2k acid glitch vector • Complete licensing usage rights included.","wildbill_bundle_200_y2k_acid_glitch_vector"
"Bundle 113 grimy streetwear alternative","4.99","Unlock premium access to the Bundle 113 grimy streetwear alternative collection! • Total assets: 32 files • Category: grimy streetwear alternative • Complete licensing usage rights included.","wildbill_bundle_113_grimy_streetwear_alternative"
"Bundle 110 grimy streetwear alternative","4.99","Unlock premium access to the Bundle 110 grimy streetwear alternative collection! • Total assets: 32 files • Category: grimy streetwear alternative • Complete licensing usage rights included.","wildbill_bundle_110_grimy_streetwear_alternative"
"Bundle 235 grimy streetwear alternative","4.99","Unlock premium access to the Bundle 235 grimy streetwear alternative collection! • Total assets: 32 files • Category: grimy streetwear alternative • Complete licensing usage rights included.","wildbill_bundle_235_grimy_streetwear_alternative"
"Bundle 184 grimy streetwear alternative","4.99","Unlock premium access to the Bundle 184 grimy streetwear alternative collection! • Total assets: 32 files • Category: grimy streetwear alternative • Complete licensing usage rights included.","wildbill_bundle_184_grimy_streetwear_alternative"
"Bundle 209 grimy streetwear alternative","4.99","Unlock premium access to the Bundle 209 grimy streetwear alternative collection! • Total assets: 32 files • Category: grimy streetwear alternative • Complete licensing usage rights included.","wildbill_bundle_209_grimy_streetwear_alternative"
"Bundle 166 grimy streetwear alternative","4.99","Unlock premium access to the Bundle 166 grimy streetwear alternative collection! • Total assets: 32 files • Category: grimy streetwear alternative • Complete licensing usage rights included.","wildbill_bundle_166_grimy_streetwear_alternative"
"Bundle 129 grimy streetwear alternative","4.99","Unlock premium access to the Bundle 129 grimy streetwear alternative collection! • Total assets: 32 files • Category: grimy streetwear alternative • Complete licensing usage rights included.","wildbill_bundle_129_grimy_streetwear_alternative"
