Title,Price,Description,SKU
"Bundle 4 neon alternative gothic","4.99","Premium Bundle 4 neon alternative gothic asset pack. Category: completed bundles. Includes 10 high-definition graphic assets with full commercial usage rights.","bundle_4_neon_alternative_gothic"
"Bundle 2 industrial metal and lace","4.99","Premium Bundle 2 industrial metal and lace asset pack. Category: completed bundles. Includes 10 high-definition graphic assets with full commercial usage rights.","bundle_2_industrial_metal_and_lace"
"Bundle 24 crimson cyberpunk fetish","4.99","Premium Bundle 24 crimson cyberpunk fetish asset pack. Category: completed bundles. Includes 22 high-definition graphic assets with full commercial usage rights.","bundle_24_crimson_cyberpunk_fetish"
"Bundle 23 minimalist high contrast crimson","4.99","Premium Bundle 23 minimalist high contrast crimson asset pack. Category: completed bundles. Includes 22 high-definition graphic assets with full commercial usage rights.","bundle_23_minimalist_high_contrast_crimson"
"Bundle 18 vaporwave synthwave fetish","4.99","Premium Bundle 18 vaporwave synthwave fetish asset pack. Category: completed bundles. Includes 18 high-definition graphic assets with full commercial usage rights.","bundle_18_vaporwave_synthwave_fetish"
"Bundle 11 grimy streetwear alternative","4.99","Premium Bundle 11 grimy streetwear alternative asset pack. Category: completed bundles. Includes 18 high-definition graphic assets with full commercial usage rights.","bundle_11_grimy_streetwear_alternative"
"Bundle 6 neon alternative gothic","4.99","Premium Bundle 6 neon alternative gothic asset pack. Category: completed bundles. Includes 18 high-definition graphic assets with full commercial usage rights.","bundle_6_neon_alternative_gothic"
"Bundle 25 dark luxury red and matte black","4.99","Premium Bundle 25 dark luxury red and matte black asset pack. Category: completed bundles. Includes 22 high-definition graphic assets with full commercial usage rights.","bundle_25_dark_luxury_red_and_matte_black"
"Bundle 21 grimy streetwear alternative","4.99","Premium Bundle 21 grimy streetwear alternative asset pack. Category: completed bundles. Includes 22 high-definition graphic assets with full commercial usage rights.","bundle_21_grimy_streetwear_alternative"
"Bundle 2 grimy streetwear alternative","4.99","Premium Bundle 2 grimy streetwear alternative asset pack. Category: completed bundles. Includes 18 high-definition graphic assets with full commercial usage rights.","bundle_2_grimy_streetwear_alternative"
"Bundle 4 dark luxury red and matte black","4.99","Premium Bundle 4 dark luxury red and matte black asset pack. Category: completed bundles. Includes 10 high-definition graphic assets with full commercial usage rights.","bundle_4_dark_luxury_red_and_matte_black"
"Bundle 15 crimson cyberpunk fetish","4.99","Premium Bundle 15 crimson cyberpunk fetish asset pack. Category: completed bundles. Includes 18 high-definition graphic assets with full commercial usage rights.","bundle_15_crimson_cyberpunk_fetish"
"Bundle 17 gothic luxury velvet","4.99","Premium Bundle 17 gothic luxury velvet asset pack. Category: completed bundles. Includes 18 high-definition graphic assets with full commercial usage rights.","bundle_17_gothic_luxury_velvet"
"Bundle 4 gothic luxury velvet","4.99","Premium Bundle 4 gothic luxury velvet asset pack. Category: completed bundles. Includes 18 high-definition graphic assets with full commercial usage rights.","bundle_4_gothic_luxury_velvet"
"Bundle 2 dystopian cyberpunk noir","4.99","Premium Bundle 2 dystopian cyberpunk noir asset pack. Category: completed bundles. Includes 18 high-definition graphic assets with full commercial usage rights.","bundle_2_dystopian_cyberpunk_noir"
"Bundle 5 neon alternative gothic","4.99","Premium Bundle 5 neon alternative gothic asset pack. Category: completed bundles. Includes 10 high-definition graphic assets with full commercial usage rights.","bundle_5_neon_alternative_gothic"
"Bundle 13 minimalist high contrast crimson","4.99","Premium Bundle 13 minimalist high contrast crimson asset pack. Category: completed bundles. Includes 18 high-definition graphic assets with full commercial usage rights.","bundle_13_minimalist_high_contrast_crimson"
"Bundle 20 neon alternative gothic","4.99","Premium Bundle 20 neon alternative gothic asset pack. Category: completed bundles. Includes 18 high-definition graphic assets with full commercial usage rights.","bundle_20_neon_alternative_gothic"
"Bundle 6 industrial metal and lace","4.99","Premium Bundle 6 industrial metal and lace asset pack. Category: completed bundles. Includes 10 high-definition graphic assets with full commercial usage rights.","bundle_6_industrial_metal_and_lace"
"Bundle 4 crimson cyberpunk fetish","4.99","Premium Bundle 4 crimson cyberpunk fetish asset pack. Category: completed bundles. Includes 18 high-definition graphic assets with full commercial usage rights.","bundle_4_crimson_cyberpunk_fetish"
"Bundle 26 neon alternative gothic","4.99","Premium Bundle 26 neon alternative gothic asset pack. Category: completed bundles. Includes 22 high-definition graphic assets with full commercial usage rights.","bundle_26_neon_alternative_gothic"
"Bundle 1 vaporwave synthwave fetish","4.99","Premium Bundle 1 vaporwave synthwave fetish asset pack. Category: completed bundles. Includes 14 high-definition graphic assets with full commercial usage rights.","bundle_1_vaporwave_synthwave_fetish"
"Bundle 5 crimson cyberpunk fetish","4.99","Premium Bundle 5 crimson cyberpunk fetish asset pack. Category: completed bundles. Includes 18 high-definition graphic assets with full commercial usage rights.","bundle_5_crimson_cyberpunk_fetish"
"Bundle 16 industrial metal and lace","4.99","Premium Bundle 16 industrial metal and lace asset pack. Category: completed bundles. Includes 18 high-definition graphic assets with full commercial usage rights.","bundle_16_industrial_metal_and_lace"
"Bundle 9 dark luxury red and matte black","4.99","Premium Bundle 9 dark luxury red and matte black asset pack. Category: completed bundles. Includes 18 high-definition graphic assets with full commercial usage rights.","bundle_9_dark_luxury_red_and_matte_black"
"Bundle 1 minimalist high contrast crimson","4.99","Premium Bundle 1 minimalist high contrast crimson asset pack. Category: completed bundles. Includes 18 high-definition graphic assets with full commercial usage rights.","bundle_1_minimalist_high_contrast_crimson"
"Bundle 1 crimson cyberpunk fetish","4.99","Premium Bundle 1 crimson cyberpunk fetish asset pack. Category: completed bundles. Includes 10 high-definition graphic assets with full commercial usage rights.","bundle_1_crimson_cyberpunk_fetish"
"Bundle 3 minimalist high contrast crimson","4.99","Premium Bundle 3 minimalist high contrast crimson asset pack. Category: completed bundles. Includes 10 high-definition graphic assets with full commercial usage rights.","bundle_3_minimalist_high_contrast_crimson"
"Bundle 14 grimy streetwear alternative","4.99","Premium Bundle 14 grimy streetwear alternative asset pack. Category: completed bundles. Includes 18 high-definition graphic assets with full commercial usage rights.","bundle_14_grimy_streetwear_alternative"
"Bundle 19 dystopian cyberpunk noir","4.99","Premium Bundle 19 dystopian cyberpunk noir asset pack. Category: completed bundles. Includes 18 high-definition graphic assets with full commercial usage rights.","bundle_19_dystopian_cyberpunk_noir"
"Bundle 10 dark luxury red and matte black","4.99","Premium Bundle 10 dark luxury red and matte black asset pack. Category: completed bundles. Includes 18 high-definition graphic assets with full commercial usage rights.","bundle_10_dark_luxury_red_and_matte_black"
"Bundle 7 dystopian cyberpunk noir","4.99","Premium Bundle 7 dystopian cyberpunk noir asset pack. Category: completed bundles. Includes 18 high-definition graphic assets with full commercial usage rights.","bundle_7_dystopian_cyberpunk_noir"
"Bundle 3 industrial metal and lace","4.99","Premium Bundle 3 industrial metal and lace asset pack. Category: completed bundles. Includes 10 high-definition graphic assets with full commercial usage rights.","bundle_3_industrial_metal_and_lace"
"Bundle 12 gothic luxury velvet","4.99","Premium Bundle 12 gothic luxury velvet asset pack. Category: completed bundles. Includes 18 high-definition graphic assets with full commercial usage rights.","bundle_12_gothic_luxury_velvet"
"Bundle 8 crimson cyberpunk fetish","4.99","Premium Bundle 8 crimson cyberpunk fetish asset pack. Category: completed bundles. Includes 18 high-definition graphic assets with full commercial usage rights.","bundle_8_crimson_cyberpunk_fetish"
"Bundle 3 grimy streetwear alternative","4.99","Premium Bundle 3 grimy streetwear alternative asset pack. Category: completed bundles. Includes 18 high-definition graphic assets with full commercial usage rights.","bundle_3_grimy_streetwear_alternative"
"Bundle 22 crimson cyberpunk fetish","4.99","Premium Bundle 22 crimson cyberpunk fetish asset pack. Category: completed bundles. Includes 22 high-definition graphic assets with full commercial usage rights.","bundle_22_crimson_cyberpunk_fetish"
"Bundle 1 dark luxury red and matte black","4.99","Premium Bundle 1 dark luxury red and matte black asset pack. Category: Bundle 1 dark luxury red and matte black. Includes 14 high-definition graphic assets with full commercial usage rights.","bundle_1_dark_luxury_red_and_matte_black"
"Bundle 1 industrial metal and lace","4.99","Premium Bundle 1 industrial metal and lace asset pack. Category: Bundle 1 dark luxury red and matte black. Includes 18 high-definition graphic assets with full commercial usage rights.","bundle_1_industrial_metal_and_lace"
"Bundle 1 dystopian cyberpunk noir","4.99","Premium Bundle 1 dystopian cyberpunk noir asset pack. Category: Bundle 1 dark luxury red and matte black. Includes 14 high-definition graphic assets with full commercial usage rights.","bundle_1_dystopian_cyberpunk_noir"
"Bundle 1 gothic luxury velvet","4.99","Premium Bundle 1 gothic luxury velvet asset pack. Category: Bundle 1 dark luxury red and matte black. Includes 14 high-definition graphic assets with full commercial usage rights.","bundle_1_gothic_luxury_velvet"
"Bundle 49 vaporwave synthwave fetish","4.99","Premium Bundle 49 vaporwave synthwave fetish asset pack. Category: vaporwave synthwave fetish. Includes 32 high-definition graphic assets with full commercial usage rights.","bundle_49_vaporwave_synthwave_fetish"
"Bundle 55 vaporwave synthwave fetish","4.99","Premium Bundle 55 vaporwave synthwave fetish asset pack. Category: vaporwave synthwave fetish. Includes 32 high-definition graphic assets with full commercial usage rights.","bundle_55_vaporwave_synthwave_fetish"
"Bundle 195 vaporwave synthwave fetish","4.99","Premium Bundle 195 vaporwave synthwave fetish asset pack. Category: vaporwave synthwave fetish. Includes 32 high-definition graphic assets with full commercial usage rights.","bundle_195_vaporwave_synthwave_fetish"
"Bundle 156 vaporwave synthwave fetish","4.99","Premium Bundle 156 vaporwave synthwave fetish asset pack. Category: vaporwave synthwave fetish. Includes 32 high-definition graphic assets with full commercial usage rights.","bundle_156_vaporwave_synthwave_fetish"
"Bundle 34 vaporwave synthwave fetish","4.99","Premium Bundle 34 vaporwave synthwave fetish asset pack. Category: vaporwave synthwave fetish. Includes 18 high-definition graphic assets with full commercial usage rights.","bundle_34_vaporwave_synthwave_fetish"
"Bundle 31 vaporwave synthwave fetish","4.99","Premium Bundle 31 vaporwave synthwave fetish asset pack. Category: vaporwave synthwave fetish. Includes 18 high-definition graphic assets with full commercial usage rights.","bundle_31_vaporwave_synthwave_fetish"
"Bundle 211 neon alternative gothic","4.99","Premium Bundle 211 neon alternative gothic asset pack. Category: neon alternative gothic. Includes 32 high-definition graphic assets with full commercial usage rights.","bundle_211_neon_alternative_gothic"
"Bundle 154 neon alternative gothic","4.99","Premium Bundle 154 neon alternative gothic asset pack. Category: neon alternative gothic. Includes 32 high-definition graphic assets with full commercial usage rights.","bundle_154_neon_alternative_gothic"
"Bundle 167 neon alternative gothic","4.99","Premium Bundle 167 neon alternative gothic asset pack. Category: neon alternative gothic. Includes 32 high-definition graphic assets with full commercial usage rights.","bundle_167_neon_alternative_gothic"
"Bundle 146 neon alternative gothic","4.99","Premium Bundle 146 neon alternative gothic asset pack. Category: neon alternative gothic. Includes 32 high-definition graphic assets with full commercial usage rights.","bundle_146_neon_alternative_gothic"
"Bundle 84 neon alternative gothic","4.99","Premium Bundle 84 neon alternative gothic asset pack. Category: neon alternative gothic. Includes 32 high-definition graphic assets with full commercial usage rights.","bundle_84_neon_alternative_gothic"
"Bundle 173 neon alternative gothic","4.99","Premium Bundle 173 neon alternative gothic asset pack. Category: neon alternative gothic. Includes 32 high-definition graphic assets with full commercial usage rights.","bundle_173_neon_alternative_gothic"
"Bundle 134 neon alternative gothic","4.99","Premium Bundle 134 neon alternative gothic asset pack. Category: neon alternative gothic. Includes 32 high-definition graphic assets with full commercial usage rights.","bundle_134_neon_alternative_gothic"
"Bundle 30 neon alternative gothic","4.99","Premium Bundle 30 neon alternative gothic asset pack. Category: neon alternative gothic. Includes 18 high-definition graphic assets with full commercial usage rights.","bundle_30_neon_alternative_gothic"
"Bundle 27 neon alternative gothic","4.99","Premium Bundle 27 neon alternative gothic asset pack. Category: neon alternative gothic. Includes 32 high-definition graphic assets with full commercial usage rights.","bundle_27_neon_alternative_gothic"
"Bundle 99 neon alternative gothic","4.99","Premium Bundle 99 neon alternative gothic asset pack. Category: neon alternative gothic. Includes 32 high-definition graphic assets with full commercial usage rights.","bundle_99_neon_alternative_gothic"
"Bundle 51 neon alternative gothic","4.99","Premium Bundle 51 neon alternative gothic asset pack. Category: neon alternative gothic. Includes 32 high-definition graphic assets with full commercial usage rights.","bundle_51_neon_alternative_gothic"
"Bundle 137 neon alternative gothic","4.99","Premium Bundle 137 neon alternative gothic asset pack. Category: neon alternative gothic. Includes 32 high-definition graphic assets with full commercial usage rights.","bundle_137_neon_alternative_gothic"
"Bundle 210 neon alternative gothic","4.99","Premium Bundle 210 neon alternative gothic asset pack. Category: neon alternative gothic. Includes 32 high-definition graphic assets with full commercial usage rights.","bundle_210_neon_alternative_gothic"
"Bundle 183 neon alternative gothic","4.99","Premium Bundle 183 neon alternative gothic asset pack. Category: neon alternative gothic. Includes 32 high-definition graphic assets with full commercial usage rights.","bundle_183_neon_alternative_gothic"
"Bundle 150 gothic luxury velvet","4.99","Premium Bundle 150 gothic luxury velvet asset pack. Category: gothic luxury velvet. Includes 32 high-definition graphic assets with full commercial usage rights.","bundle_150_gothic_luxury_velvet"
"Bundle 37 gothic luxury velvet","4.99","Premium Bundle 37 gothic luxury velvet asset pack. Category: gothic luxury velvet. Includes 32 high-definition graphic assets with full commercial usage rights.","bundle_37_gothic_luxury_velvet"
"Bundle 223 gothic luxury velvet","4.99","Premium Bundle 223 gothic luxury velvet asset pack. Category: gothic luxury velvet. Includes 32 high-definition graphic assets with full commercial usage rights.","bundle_223_gothic_luxury_velvet"
"Bundle 199 gothic luxury velvet","4.99","Premium Bundle 199 gothic luxury velvet asset pack. Category: gothic luxury velvet. Includes 32 high-definition graphic assets with full commercial usage rights.","bundle_199_gothic_luxury_velvet"
"Bundle 232 gothic luxury velvet","4.99","Premium Bundle 232 gothic luxury velvet asset pack. Category: gothic luxury velvet. Includes 32 high-definition graphic assets with full commercial usage rights.","bundle_232_gothic_luxury_velvet"
"Bundle 151 gothic luxury velvet","4.99","Premium Bundle 151 gothic luxury velvet asset pack. Category: gothic luxury velvet. Includes 32 high-definition graphic assets with full commercial usage rights.","bundle_151_gothic_luxury_velvet"
"Bundle 27 gothic luxury velvet","4.99","Premium Bundle 27 gothic luxury velvet asset pack. Category: gothic luxury velvet. Includes 32 high-definition graphic assets with full commercial usage rights.","bundle_27_gothic_luxury_velvet"
"Bundle 226 gothic luxury velvet","4.99","Premium Bundle 226 gothic luxury velvet asset pack. Category: gothic luxury velvet. Includes 32 high-definition graphic assets with full commercial usage rights.","bundle_226_gothic_luxury_velvet"
"Bundle 203 gothic luxury velvet","4.99","Premium Bundle 203 gothic luxury velvet asset pack. Category: gothic luxury velvet. Includes 32 high-definition graphic assets with full commercial usage rights.","bundle_203_gothic_luxury_velvet"
"Bundle 145 gothic luxury velvet","4.99","Premium Bundle 145 gothic luxury velvet asset pack. Category: gothic luxury velvet. Includes 32 high-definition graphic assets with full commercial usage rights.","bundle_145_gothic_luxury_velvet"
"Bundle 189 gothic luxury velvet","4.99","Premium Bundle 189 gothic luxury velvet asset pack. Category: gothic luxury velvet. Includes 32 high-definition graphic assets with full commercial usage rights.","bundle_189_gothic_luxury_velvet"
"Bundle 77 aesthetic lofi chill pixel","4.99","Premium Bundle 77 aesthetic lofi chill pixel asset pack. Category: aesthetic lofi chill pixel. Includes 32 high-definition graphic assets with full commercial usage rights.","bundle_77_aesthetic_lofi_chill_pixel"
"Bundle 98 aesthetic lofi chill pixel","4.99","Premium Bundle 98 aesthetic lofi chill pixel asset pack. Category: aesthetic lofi chill pixel. Includes 32 high-definition graphic assets with full commercial usage rights.","bundle_98_aesthetic_lofi_chill_pixel"
"Bundle 116 aesthetic lofi chill pixel","4.99","Premium Bundle 116 aesthetic lofi chill pixel asset pack. Category: aesthetic lofi chill pixel. Includes 32 high-definition graphic assets with full commercial usage rights.","bundle_116_aesthetic_lofi_chill_pixel"
"Bundle 97 aesthetic lofi chill pixel","4.99","Premium Bundle 97 aesthetic lofi chill pixel asset pack. Category: aesthetic lofi chill pixel. Includes 32 high-definition graphic assets with full commercial usage rights.","bundle_97_aesthetic_lofi_chill_pixel"
"Bundle 208 aesthetic lofi chill pixel","4.99","Premium Bundle 208 aesthetic lofi chill pixel asset pack. Category: aesthetic lofi chill pixel. Includes 32 high-definition graphic assets with full commercial usage rights.","bundle_208_aesthetic_lofi_chill_pixel"
"Bundle 64 aesthetic lofi chill pixel","4.99","Premium Bundle 64 aesthetic lofi chill pixel asset pack. Category: aesthetic lofi chill pixel. Includes 32 high-definition graphic assets with full commercial usage rights.","bundle_64_aesthetic_lofi_chill_pixel"
"Bundle 194 aesthetic lofi chill pixel","4.99","Premium Bundle 194 aesthetic lofi chill pixel asset pack. Category: aesthetic lofi chill pixel. Includes 32 high-definition graphic assets with full commercial usage rights.","bundle_194_aesthetic_lofi_chill_pixel"
"Bundle 214 aesthetic lofi chill pixel","4.99","Premium Bundle 214 aesthetic lofi chill pixel asset pack. Category: aesthetic lofi chill pixel. Includes 32 high-definition graphic assets with full commercial usage rights.","bundle_214_aesthetic_lofi_chill_pixel"
"Bundle 67 aesthetic lofi chill pixel","4.99","Premium Bundle 67 aesthetic lofi chill pixel asset pack. Category: aesthetic lofi chill pixel. Includes 32 high-definition graphic assets with full commercial usage rights.","bundle_67_aesthetic_lofi_chill_pixel"
"Bundle 44 aesthetic lofi chill pixel","4.99","Premium Bundle 44 aesthetic lofi chill pixel asset pack. Category: aesthetic lofi chill pixel. Includes 32 high-definition graphic assets with full commercial usage rights.","bundle_44_aesthetic_lofi_chill_pixel"
"Bundle 144 aesthetic lofi chill pixel","4.99","Premium Bundle 144 aesthetic lofi chill pixel asset pack. Category: aesthetic lofi chill pixel. Includes 32 high-definition graphic assets with full commercial usage rights.","bundle_144_aesthetic_lofi_chill_pixel"
"Bundle 103 crimson cyberpunk fetish","4.99","Premium Bundle 103 crimson cyberpunk fetish asset pack. Category: crimson cyberpunk fetish. Includes 32 high-definition graphic assets with full commercial usage rights.","bundle_103_crimson_cyberpunk_fetish"
"Bundle 36 crimson cyberpunk fetish","4.99","Premium Bundle 36 crimson cyberpunk fetish asset pack. Category: crimson cyberpunk fetish. Includes 32 high-definition graphic assets with full commercial usage rights.","bundle_36_crimson_cyberpunk_fetish"
"Bundle 28 crimson cyberpunk fetish","4.99","Premium Bundle 28 crimson cyberpunk fetish asset pack. Category: crimson cyberpunk fetish. Includes 18 high-definition graphic assets with full commercial usage rights.","bundle_28_crimson_cyberpunk_fetish"
"Bundle 202 crimson cyberpunk fetish","4.99","Premium Bundle 202 crimson cyberpunk fetish asset pack. Category: crimson cyberpunk fetish. Includes 32 high-definition graphic assets with full commercial usage rights.","bundle_202_crimson_cyberpunk_fetish"
"Bundle 175 crimson cyberpunk fetish","4.99","Premium Bundle 175 crimson cyberpunk fetish asset pack. Category: crimson cyberpunk fetish. Includes 32 high-definition graphic assets with full commercial usage rights.","bundle_175_crimson_cyberpunk_fetish"
"Bundle 124 crimson cyberpunk fetish","4.99","Premium Bundle 124 crimson cyberpunk fetish asset pack. Category: crimson cyberpunk fetish. Includes 32 high-definition graphic assets with full commercial usage rights.","bundle_124_crimson_cyberpunk_fetish"
"Bundle 217 crimson cyberpunk fetish","4.99","Premium Bundle 217 crimson cyberpunk fetish asset pack. Category: crimson cyberpunk fetish. Includes 32 high-definition graphic assets with full commercial usage rights.","bundle_217_crimson_cyberpunk_fetish"
"Bundle 192 crimson cyberpunk fetish","4.99","Premium Bundle 192 crimson cyberpunk fetish asset pack. Category: crimson cyberpunk fetish. Includes 32 high-definition graphic assets with full commercial usage rights.","bundle_192_crimson_cyberpunk_fetish"
"Bundle 65 crimson cyberpunk fetish","4.99","Premium Bundle 65 crimson cyberpunk fetish asset pack. Category: crimson cyberpunk fetish. Includes 32 high-definition graphic assets with full commercial usage rights.","bundle_65_crimson_cyberpunk_fetish"
"Bundle 43 crimson cyberpunk fetish","4.99","Premium Bundle 43 crimson cyberpunk fetish asset pack. Category: crimson cyberpunk fetish. Includes 18 high-definition graphic assets with full commercial usage rights.","bundle_43_crimson_cyberpunk_fetish"
"Bundle 81 crimson cyberpunk fetish","4.99","Premium Bundle 81 crimson cyberpunk fetish asset pack. Category: crimson cyberpunk fetish. Includes 32 high-definition graphic assets with full commercial usage rights.","bundle_81_crimson_cyberpunk_fetish"
"Bundle 191 crimson cyberpunk fetish","4.99","Premium Bundle 191 crimson cyberpunk fetish asset pack. Category: crimson cyberpunk fetish. Includes 32 high-definition graphic assets with full commercial usage rights.","bundle_191_crimson_cyberpunk_fetish"
"Bundle 76 crimson cyberpunk fetish","4.99","Premium Bundle 76 crimson cyberpunk fetish asset pack. Category: crimson cyberpunk fetish. Includes 32 high-definition graphic assets with full commercial usage rights.","bundle_76_crimson_cyberpunk_fetish"
"Bundle 165 dark luxury red and matte black","4.99","Premium Bundle 165 dark luxury red and matte black asset pack. Category: dark luxury red and matte black. Includes 32 high-definition graphic assets with full commercial usage rights.","bundle_165_dark_luxury_red_and_matte_black"
"Bundle 73 dark luxury red and matte black","4.99","Premium Bundle 73 dark luxury red and matte black asset pack. Category: dark luxury red and matte black. Includes 32 high-definition graphic assets with full commercial usage rights.","bundle_73_dark_luxury_red_and_matte_black"
"Bundle 188 dark luxury red and matte black","4.99","Premium Bundle 188 dark luxury red and matte black asset pack. Category: dark luxury red and matte black. Includes 32 high-definition graphic assets with full commercial usage rights.","bundle_188_dark_luxury_red_and_matte_black"
"Bundle 130 dark luxury red and matte black","4.99","Premium Bundle 130 dark luxury red and matte black asset pack. Category: dark luxury red and matte black. Includes 32 high-definition graphic assets with full commercial usage rights.","bundle_130_dark_luxury_red_and_matte_black"
"Bundle 63 dark luxury red and matte black","4.99","Premium Bundle 63 dark luxury red and matte black asset pack. Category: dark luxury red and matte black. Includes 32 high-definition graphic assets with full commercial usage rights.","bundle_63_dark_luxury_red_and_matte_black"
"Bundle 115 dark luxury red and matte black","4.99","Premium Bundle 115 dark luxury red and matte black asset pack. Category: dark luxury red and matte black. Includes 32 high-definition graphic assets with full commercial usage rights.","bundle_115_dark_luxury_red_and_matte_black"
"Bundle 56 dark luxury red and matte black","4.99","Premium Bundle 56 dark luxury red and matte black asset pack. Category: dark luxury red and matte black. Includes 32 high-definition graphic assets with full commercial usage rights.","bundle_56_dark_luxury_red_and_matte_black"
"Bundle 95 dark luxury red and matte black","4.99","Premium Bundle 95 dark luxury red and matte black asset pack. Category: dark luxury red and matte black. Includes 32 high-definition graphic assets with full commercial usage rights.","bundle_95_dark_luxury_red_and_matte_black"
"Bundle 93 dark luxury red and matte black","4.99","Premium Bundle 93 dark luxury red and matte black asset pack. Category: dark luxury red and matte black. Includes 32 high-definition graphic assets with full commercial usage rights.","bundle_93_dark_luxury_red_and_matte_black"
"Bundle 29 dark luxury red and matte black","4.99","Premium Bundle 29 dark luxury red and matte black asset pack. Category: dark luxury red and matte black. Includes 18 high-definition graphic assets with full commercial usage rights.","bundle_29_dark_luxury_red_and_matte_black"
"Bundle 42 dark luxury red and matte black","4.99","Premium Bundle 42 dark luxury red and matte black asset pack. Category: dark luxury red and matte black. Includes 32 high-definition graphic assets with full commercial usage rights.","bundle_42_dark_luxury_red_and_matte_black"
"Bundle 32 dark luxury red and matte black","4.99","Premium Bundle 32 dark luxury red and matte black asset pack. Category: dark luxury red and matte black. Includes 18 high-definition graphic assets with full commercial usage rights.","bundle_32_dark_luxury_red_and_matte_black"
"Bundle 174 dark luxury red and matte black","4.99","Premium Bundle 174 dark luxury red and matte black asset pack. Category: dark luxury red and matte black. Includes 32 high-definition graphic assets with full commercial usage rights.","bundle_174_dark_luxury_red_and_matte_black"
"Bundle 201 dark luxury red and matte black","4.99","Premium Bundle 201 dark luxury red and matte black asset pack. Category: dark luxury red and matte black. Includes 32 high-definition graphic assets with full commercial usage rights.","bundle_201_dark_luxury_red_and_matte_black"
"Bundle 100 dark luxury red and matte black","4.99","Premium Bundle 100 dark luxury red and matte black asset pack. Category: dark luxury red and matte black. Includes 32 high-definition graphic assets with full commercial usage rights.","bundle_100_dark_luxury_red_and_matte_black"
"Bundle 54 dark luxury red and matte black","4.99","Premium Bundle 54 dark luxury red and matte black asset pack. Category: dark luxury red and matte black. Includes 32 high-definition graphic assets with full commercial usage rights.","bundle_54_dark_luxury_red_and_matte_black"
"Bundle 178 dark luxury red and matte black","4.99","Premium Bundle 178 dark luxury red and matte black asset pack. Category: dark luxury red and matte black. Includes 32 high-definition graphic assets with full commercial usage rights.","bundle_178_dark_luxury_red_and_matte_black"
"Bundle 216 glitchcore cyber web vector","4.99","Premium Bundle 216 glitchcore cyber web vector asset pack. Category: glitchcore cyber web vector. Includes 32 high-definition graphic assets with full commercial usage rights.","bundle_216_glitchcore_cyber_web_vector"
"Bundle 48 glitchcore cyber web vector","4.99","Premium Bundle 48 glitchcore cyber web vector asset pack. Category: glitchcore cyber web vector. Includes 32 high-definition graphic assets with full commercial usage rights.","bundle_48_glitchcore_cyber_web_vector"
"Bundle 41 glitchcore cyber web vector","4.99","Premium Bundle 41 glitchcore cyber web vector asset pack. Category: glitchcore cyber web vector. Includes 32 high-definition graphic assets with full commercial usage rights.","bundle_41_glitchcore_cyber_web_vector"
"Bundle 193 glitchcore cyber web vector","4.99","Premium Bundle 193 glitchcore cyber web vector asset pack. Category: glitchcore cyber web vector. Includes 32 high-definition graphic assets with full commercial usage rights.","bundle_193_glitchcore_cyber_web_vector"
"Bundle 233 glitchcore cyber web vector","4.99","Premium Bundle 233 glitchcore cyber web vector asset pack. Category: glitchcore cyber web vector. Includes 32 high-definition graphic assets with full commercial usage rights.","bundle_233_glitchcore_cyber_web_vector"
"Bundle 70 glitchcore cyber web vector","4.99","Premium Bundle 70 glitchcore cyber web vector asset pack. Category: glitchcore cyber web vector. Includes 32 high-definition graphic assets with full commercial usage rights.","bundle_70_glitchcore_cyber_web_vector"
"Bundle 107 glitchcore cyber web vector","4.99","Premium Bundle 107 glitchcore cyber web vector asset pack. Category: glitchcore cyber web vector. Includes 32 high-definition graphic assets with full commercial usage rights.","bundle_107_glitchcore_cyber_web_vector"
"Bundle 52 glitchcore cyber web vector","4.99","Premium Bundle 52 glitchcore cyber web vector asset pack. Category: glitchcore cyber web vector. Includes 32 high-definition graphic assets with full commercial usage rights.","bundle_52_glitchcore_cyber_web_vector"
"Bundle 35 glitchcore cyber web vector","4.99","Premium Bundle 35 glitchcore cyber web vector asset pack. Category: glitchcore cyber web vector. Includes 32 high-definition graphic assets with full commercial usage rights.","bundle_35_glitchcore_cyber_web_vector"
"Bundle 153 glitchcore cyber web vector","4.99","Premium Bundle 153 glitchcore cyber web vector asset pack. Category: glitchcore cyber web vector. Includes 32 high-definition graphic assets with full commercial usage rights.","bundle_153_glitchcore_cyber_web_vector"
"Bundle 181 glitchcore cyber web vector","4.99","Premium Bundle 181 glitchcore cyber web vector asset pack. Category: glitchcore cyber web vector. Includes 32 high-definition graphic assets with full commercial usage rights.","bundle_181_glitchcore_cyber_web_vector"
"Bundle 101 glitchcore cyber web vector","4.99","Premium Bundle 101 glitchcore cyber web vector asset pack. Category: glitchcore cyber web vector. Includes 32 high-definition graphic assets with full commercial usage rights.","bundle_101_glitchcore_cyber_web_vector"
"Bundle 190 glitchcore cyber web vector","4.99","Premium Bundle 190 glitchcore cyber web vector asset pack. Category: glitchcore cyber web vector. Includes 32 high-definition graphic assets with full commercial usage rights.","bundle_190_glitchcore_cyber_web_vector"
"Bundle 140 glitchcore cyber web vector","4.99","Premium Bundle 140 glitchcore cyber web vector asset pack. Category: glitchcore cyber web vector. Includes 32 high-definition graphic assets with full commercial usage rights.","bundle_140_glitchcore_cyber_web_vector"
"Bundle 171 glitchcore cyber web vector","4.99","Premium Bundle 171 glitchcore cyber web vector asset pack. Category: glitchcore cyber web vector. Includes 32 high-definition graphic assets with full commercial usage rights.","bundle_171_glitchcore_cyber_web_vector"
"Bundle 198 glitchcore cyber web vector","4.99","Premium Bundle 198 glitchcore cyber web vector asset pack. Category: glitchcore cyber web vector. Includes 32 high-definition graphic assets with full commercial usage rights.","bundle_198_glitchcore_cyber_web_vector"
"Bundle 120 glitchcore cyber web vector","4.99","Premium Bundle 120 glitchcore cyber web vector asset pack. Category: glitchcore cyber web vector. Includes 32 high-definition graphic assets with full commercial usage rights.","bundle_120_glitchcore_cyber_web_vector"
"Bundle 170 glitchcore cyber web vector","4.99","Premium Bundle 170 glitchcore cyber web vector asset pack. Category: glitchcore cyber web vector. Includes 32 high-definition graphic assets with full commercial usage rights.","bundle_170_glitchcore_cyber_web_vector"
"Bundle 205 glitchcore cyber web vector","4.99","Premium Bundle 205 glitchcore cyber web vector asset pack. Category: glitchcore cyber web vector. Includes 32 high-definition graphic assets with full commercial usage rights.","bundle_205_glitchcore_cyber_web_vector"
"Bundle 123 glitchcore cyber web vector","4.99","Premium Bundle 123 glitchcore cyber web vector asset pack. Category: glitchcore cyber web vector. Includes 32 high-definition graphic assets with full commercial usage rights.","bundle_123_glitchcore_cyber_web_vector"
"Bundle 92 grimdark elden fantasy","4.99","Premium Bundle 92 grimdark elden fantasy asset pack. Category: grimdark elden fantasy. Includes 32 high-definition graphic assets with full commercial usage rights.","bundle_92_grimdark_elden_fantasy"
"Bundle 69 grimdark elden fantasy","4.99","Premium Bundle 69 grimdark elden fantasy asset pack. Category: grimdark elden fantasy. Includes 32 high-definition graphic assets with full commercial usage rights.","bundle_69_grimdark_elden_fantasy"
"Bundle 155 grimdark elden fantasy","4.99","Premium Bundle 155 grimdark elden fantasy asset pack. Category: grimdark elden fantasy. Includes 32 high-definition graphic assets with full commercial usage rights.","bundle_155_grimdark_elden_fantasy"
"Bundle 91 grimdark elden fantasy","4.99","Premium Bundle 91 grimdark elden fantasy asset pack. Category: grimdark elden fantasy. Includes 32 high-definition graphic assets with full commercial usage rights.","bundle_91_grimdark_elden_fantasy"
"Bundle 28 grimdark elden fantasy","4.99","Premium Bundle 28 grimdark elden fantasy asset pack. Category: grimdark elden fantasy. Includes 32 high-definition graphic assets with full commercial usage rights.","bundle_28_grimdark_elden_fantasy"
"Bundle 61 grimdark elden fantasy","4.99","Premium Bundle 61 grimdark elden fantasy asset pack. Category: grimdark elden fantasy. Includes 32 high-definition graphic assets with full commercial usage rights.","bundle_61_grimdark_elden_fantasy"
"Bundle 59 grimdark elden fantasy","4.99","Premium Bundle 59 grimdark elden fantasy asset pack. Category: grimdark elden fantasy. Includes 32 high-definition graphic assets with full commercial usage rights.","bundle_59_grimdark_elden_fantasy"
"Bundle 207 grimdark elden fantasy","4.99","Premium Bundle 207 grimdark elden fantasy asset pack. Category: grimdark elden fantasy. Includes 32 high-definition graphic assets with full commercial usage rights.","bundle_207_grimdark_elden_fantasy"
"Bundle 234 grimdark elden fantasy","4.99","Premium Bundle 234 grimdark elden fantasy asset pack. Category: grimdark elden fantasy. Includes 32 high-definition graphic assets with full commercial usage rights.","bundle_234_grimdark_elden_fantasy"
"Bundle 157 grimdark elden fantasy","4.99","Premium Bundle 157 grimdark elden fantasy asset pack. Category: grimdark elden fantasy. Includes 32 high-definition graphic assets with full commercial usage rights.","bundle_157_grimdark_elden_fantasy"
"Bundle 96 grimdark elden fantasy","4.99","Premium Bundle 96 grimdark elden fantasy asset pack. Category: grimdark elden fantasy. Includes 32 high-definition graphic assets with full commercial usage rights.","bundle_96_grimdark_elden_fantasy"
"Bundle 206 grimdark elden fantasy","4.99","Premium Bundle 206 grimdark elden fantasy asset pack. Category: grimdark elden fantasy. Includes 32 high-definition graphic assets with full commercial usage rights.","bundle_206_grimdark_elden_fantasy"
"Bundle 159 grimdark elden fantasy","4.99","Premium Bundle 159 grimdark elden fantasy asset pack. Category: grimdark elden fantasy. Includes 32 high-definition graphic assets with full commercial usage rights.","bundle_159_grimdark_elden_fantasy"
"Bundle 231 grimdark elden fantasy","4.99","Premium Bundle 231 grimdark elden fantasy asset pack. Category: grimdark elden fantasy. Includes 32 high-definition graphic assets with full commercial usage rights.","bundle_231_grimdark_elden_fantasy"
"Bundle 227 grimdark elden fantasy","4.99","Premium Bundle 227 grimdark elden fantasy asset pack. Category: grimdark elden fantasy. Includes 32 high-definition graphic assets with full commercial usage rights.","bundle_227_grimdark_elden_fantasy"
"Bundle 196 grimdark elden fantasy","4.99","Premium Bundle 196 grimdark elden fantasy asset pack. Category: grimdark elden fantasy. Includes 32 high-definition graphic assets with full commercial usage rights.","bundle_196_grimdark_elden_fantasy"
"Bundle 131 grimdark elden fantasy","4.99","Premium Bundle 131 grimdark elden fantasy asset pack. Category: grimdark elden fantasy. Includes 32 high-definition graphic assets with full commercial usage rights.","bundle_131_grimdark_elden_fantasy"
"Bundle 125 grimdark elden fantasy","4.99","Premium Bundle 125 grimdark elden fantasy asset pack. Category: grimdark elden fantasy. Includes 26 high-definition graphic assets with full commercial usage rights.","bundle_125_grimdark_elden_fantasy"
"Bundle 230 grimdark elden fantasy","4.99","Premium Bundle 230 grimdark elden fantasy asset pack. Category: grimdark elden fantasy. Includes 32 high-definition graphic assets with full commercial usage rights.","bundle_230_grimdark_elden_fantasy"
"Bundle 89 grimdark elden fantasy","4.99","Premium Bundle 89 grimdark elden fantasy asset pack. Category: grimdark elden fantasy. Includes 32 high-definition graphic assets with full commercial usage rights.","bundle_89_grimdark_elden_fantasy"
"Bundle 71 grimdark elden fantasy","4.99","Premium Bundle 71 grimdark elden fantasy asset pack. Category: grimdark elden fantasy. Includes 32 high-definition graphic assets with full commercial usage rights.","bundle_71_grimdark_elden_fantasy"
"Bundle 38 dystopian cyberpunk noir","4.99","Premium Bundle 38 dystopian cyberpunk noir asset pack. Category: dystopian cyberpunk noir. Includes 32 high-definition graphic assets with full commercial usage rights.","bundle_38_dystopian_cyberpunk_noir"
"Bundle 169 dystopian cyberpunk noir","4.99","Premium Bundle 169 dystopian cyberpunk noir asset pack. Category: dystopian cyberpunk noir. Includes 32 high-definition graphic assets with full commercial usage rights.","bundle_169_dystopian_cyberpunk_noir"
"Bundle 220 dystopian cyberpunk noir","4.99","Premium Bundle 220 dystopian cyberpunk noir asset pack. Category: dystopian cyberpunk noir. Includes 32 high-definition graphic assets with full commercial usage rights.","bundle_220_dystopian_cyberpunk_noir"
"Bundle 104 dystopian cyberpunk noir","4.99","Premium Bundle 104 dystopian cyberpunk noir asset pack. Category: dystopian cyberpunk noir. Includes 32 high-definition graphic assets with full commercial usage rights.","bundle_104_dystopian_cyberpunk_noir"
"Bundle 204 dystopian cyberpunk noir","4.99","Premium Bundle 204 dystopian cyberpunk noir asset pack. Category: dystopian cyberpunk noir. Includes 32 high-definition graphic assets with full commercial usage rights.","bundle_204_dystopian_cyberpunk_noir"
"Bundle 118 dystopian cyberpunk noir","4.99","Premium Bundle 118 dystopian cyberpunk noir asset pack. Category: dystopian cyberpunk noir. Includes 32 high-definition graphic assets with full commercial usage rights.","bundle_118_dystopian_cyberpunk_noir"
"Bundle 126 dystopian cyberpunk noir","4.99","Premium Bundle 126 dystopian cyberpunk noir asset pack. Category: dystopian cyberpunk noir. Includes 32 high-definition graphic assets with full commercial usage rights.","bundle_126_dystopian_cyberpunk_noir"
"Bundle 147 dystopian cyberpunk noir","4.99","Premium Bundle 147 dystopian cyberpunk noir asset pack. Category: dystopian cyberpunk noir. Includes 32 high-definition graphic assets with full commercial usage rights.","bundle_147_dystopian_cyberpunk_noir"
"Bundle 79 dystopian cyberpunk noir","4.99","Premium Bundle 79 dystopian cyberpunk noir asset pack. Category: dystopian cyberpunk noir. Includes 32 high-definition graphic assets with full commercial usage rights.","bundle_79_dystopian_cyberpunk_noir"
"Bundle 117 phonk drift jdm streetwear","4.99","Premium Bundle 117 phonk drift jdm streetwear asset pack. Category: phonk drift jdm streetwear. Includes 32 high-definition graphic assets with full commercial usage rights.","bundle_117_phonk_drift_jdm_streetwear"
"Bundle 90 phonk drift jdm streetwear","4.99","Premium Bundle 90 phonk drift jdm streetwear asset pack. Category: phonk drift jdm streetwear. Includes 32 high-definition graphic assets with full commercial usage rights.","bundle_90_phonk_drift_jdm_streetwear"
"Bundle 133 phonk drift jdm streetwear","4.99","Premium Bundle 133 phonk drift jdm streetwear asset pack. Category: phonk drift jdm streetwear. Includes 32 high-definition graphic assets with full commercial usage rights.","bundle_133_phonk_drift_jdm_streetwear"
"Bundle 212 phonk drift jdm streetwear","4.99","Premium Bundle 212 phonk drift jdm streetwear asset pack. Category: phonk drift jdm streetwear. Includes 32 high-definition graphic assets with full commercial usage rights.","bundle_212_phonk_drift_jdm_streetwear"
"Bundle 109 phonk drift jdm streetwear","4.99","Premium Bundle 109 phonk drift jdm streetwear asset pack. Category: phonk drift jdm streetwear. Includes 32 high-definition graphic assets with full commercial usage rights.","bundle_109_phonk_drift_jdm_streetwear"
"Bundle 122 industrial metal and lace","4.99","Premium Bundle 122 industrial metal and lace asset pack. Category: industrial metal and lace. Includes 32 high-definition graphic assets with full commercial usage rights.","bundle_122_industrial_metal_and_lace"
"Bundle 136 industrial metal and lace","4.99","Premium Bundle 136 industrial metal and lace asset pack. Category: industrial metal and lace. Includes 32 high-definition graphic assets with full commercial usage rights.","bundle_136_industrial_metal_and_lace"
"Bundle 142 industrial metal and lace","4.99","Premium Bundle 142 industrial metal and lace asset pack. Category: industrial metal and lace. Includes 32 high-definition graphic assets with full commercial usage rights.","bundle_142_industrial_metal_and_lace"
"Bundle 218 industrial metal and lace","4.99","Premium Bundle 218 industrial metal and lace asset pack. Category: industrial metal and lace. Includes 32 high-definition graphic assets with full commercial usage rights.","bundle_218_industrial_metal_and_lace"
"Bundle 30 industrial metal and lace","4.99","Premium Bundle 30 industrial metal and lace asset pack. Category: industrial metal and lace. Includes 18 high-definition graphic assets with full commercial usage rights.","bundle_30_industrial_metal_and_lace"
"Bundle 50 industrial metal and lace","4.99","Premium Bundle 50 industrial metal and lace asset pack. Category: industrial metal and lace. Includes 32 high-definition graphic assets with full commercial usage rights.","bundle_50_industrial_metal_and_lace"
"Bundle 60 industrial metal and lace","4.99","Premium Bundle 60 industrial metal and lace asset pack. Category: industrial metal and lace. Includes 32 high-definition graphic assets with full commercial usage rights.","bundle_60_industrial_metal_and_lace"
"Bundle 132 industrial metal and lace","4.99","Premium Bundle 132 industrial metal and lace asset pack. Category: industrial metal and lace. Includes 32 high-definition graphic assets with full commercial usage rights.","bundle_132_industrial_metal_and_lace"
"Bundle 197 industrial metal and lace","4.99","Premium Bundle 197 industrial metal and lace asset pack. Category: industrial metal and lace. Includes 32 high-definition graphic assets with full commercial usage rights.","bundle_197_industrial_metal_and_lace"
"Bundle 58 industrial metal and lace","4.99","Premium Bundle 58 industrial metal and lace asset pack. Category: industrial metal and lace. Includes 18 high-definition graphic assets with full commercial usage rights.","bundle_58_industrial_metal_and_lace"
"Bundle 172 industrial metal and lace","4.99","Premium Bundle 172 industrial metal and lace asset pack. Category: industrial metal and lace. Includes 32 high-definition graphic assets with full commercial usage rights.","bundle_172_industrial_metal_and_lace"
"Bundle 182 industrial metal and lace","4.99","Premium Bundle 182 industrial metal and lace asset pack. Category: industrial metal and lace. Includes 32 high-definition graphic assets with full commercial usage rights.","bundle_182_industrial_metal_and_lace"
"Bundle 219 industrial metal and lace","4.99","Premium Bundle 219 industrial metal and lace asset pack. Category: industrial metal and lace. Includes 32 high-definition graphic assets with full commercial usage rights.","bundle_219_industrial_metal_and_lace"
"Bundle 160 industrial metal and lace","4.99","Premium Bundle 160 industrial metal and lace asset pack. Category: industrial metal and lace. Includes 32 high-definition graphic assets with full commercial usage rights.","bundle_160_industrial_metal_and_lace"
"Bundle 46 industrial metal and lace","4.99","Premium Bundle 46 industrial metal and lace asset pack. Category: industrial metal and lace. Includes 32 high-definition graphic assets with full commercial usage rights.","bundle_46_industrial_metal_and_lace"
"Bundle 180 industrial metal and lace","4.99","Premium Bundle 180 industrial metal and lace asset pack. Category: industrial metal and lace. Includes 32 high-definition graphic assets with full commercial usage rights.","bundle_180_industrial_metal_and_lace"
"Bundle 94 industrial metal and lace","4.99","Premium Bundle 94 industrial metal and lace asset pack. Category: industrial metal and lace. Includes 32 high-definition graphic assets with full commercial usage rights.","bundle_94_industrial_metal_and_lace"
"Bundle 163 minimalist high contrast crimson","4.99","Premium Bundle 163 minimalist high contrast crimson asset pack. Category: minimalist high contrast crimson. Includes 32 high-definition graphic assets with full commercial usage rights.","bundle_163_minimalist_high_contrast_crimson"
"Bundle 229 minimalist high contrast crimson","4.99","Premium Bundle 229 minimalist high contrast crimson asset pack. Category: minimalist high contrast crimson. Includes 32 high-definition graphic assets with full commercial usage rights.","bundle_229_minimalist_high_contrast_crimson"
"Bundle 75 minimalist high contrast crimson","4.99","Premium Bundle 75 minimalist high contrast crimson asset pack. Category: minimalist high contrast crimson. Includes 32 high-definition graphic assets with full commercial usage rights.","bundle_75_minimalist_high_contrast_crimson"
"Bundle 213 minimalist high contrast crimson","4.99","Premium Bundle 213 minimalist high contrast crimson asset pack. Category: minimalist high contrast crimson. Includes 32 high-definition graphic assets with full commercial usage rights.","bundle_213_minimalist_high_contrast_crimson"
"Bundle 158 minimalist high contrast crimson","4.99","Premium Bundle 158 minimalist high contrast crimson asset pack. Category: minimalist high contrast crimson. Includes 32 high-definition graphic assets with full commercial usage rights.","bundle_158_minimalist_high_contrast_crimson"
"Bundle 27 minimalist high contrast crimson","4.99","Premium Bundle 27 minimalist high contrast crimson asset pack. Category: minimalist high contrast crimson. Includes 32 high-definition graphic assets with full commercial usage rights.","bundle_27_minimalist_high_contrast_crimson"
"Bundle 121 minimalist high contrast crimson","4.99","Premium Bundle 121 minimalist high contrast crimson asset pack. Category: minimalist high contrast crimson. Includes 32 high-definition graphic assets with full commercial usage rights.","bundle_121_minimalist_high_contrast_crimson"
"Bundle 164 minimalist high contrast crimson","4.99","Premium Bundle 164 minimalist high contrast crimson asset pack. Category: minimalist high contrast crimson. Includes 32 high-definition graphic assets with full commercial usage rights.","bundle_164_minimalist_high_contrast_crimson"
"Bundle 161 minimalist high contrast crimson","4.99","Premium Bundle 161 minimalist high contrast crimson asset pack. Category: minimalist high contrast crimson. Includes 32 high-definition graphic assets with full commercial usage rights.","bundle_161_minimalist_high_contrast_crimson"
"Bundle 39 minimalist high contrast crimson","4.99","Premium Bundle 39 minimalist high contrast crimson asset pack. Category: minimalist high contrast crimson. Includes 18 high-definition graphic assets with full commercial usage rights.","bundle_39_minimalist_high_contrast_crimson"
"Bundle 127 minimalist high contrast crimson","4.99","Premium Bundle 127 minimalist high contrast crimson asset pack. Category: minimalist high contrast crimson. Includes 32 high-definition graphic assets with full commercial usage rights.","bundle_127_minimalist_high_contrast_crimson"
"Bundle 82 minimalist high contrast crimson","4.99","Premium Bundle 82 minimalist high contrast crimson asset pack. Category: minimalist high contrast crimson. Includes 32 high-definition graphic assets with full commercial usage rights.","bundle_82_minimalist_high_contrast_crimson"
"Bundle 187 minimalist high contrast crimson","4.99","Premium Bundle 187 minimalist high contrast crimson asset pack. Category: minimalist high contrast crimson. Includes 32 high-definition graphic assets with full commercial usage rights.","bundle_187_minimalist_high_contrast_crimson"
"Bundle 88 minimalist high contrast crimson","4.99","Premium Bundle 88 minimalist high contrast crimson asset pack. Category: minimalist high contrast crimson. Includes 32 high-definition graphic assets with full commercial usage rights.","bundle_88_minimalist_high_contrast_crimson"
"Bundle 102 minimalist high contrast crimson","4.99","Premium Bundle 102 minimalist high contrast crimson asset pack. Category: minimalist high contrast crimson. Includes 18 high-definition graphic assets with full commercial usage rights.","bundle_102_minimalist_high_contrast_crimson"
"Bundle 53 minimalist high contrast crimson","4.99","Premium Bundle 53 minimalist high contrast crimson asset pack. Category: minimalist high contrast crimson. Includes 32 high-definition graphic assets with full commercial usage rights.","bundle_53_minimalist_high_contrast_crimson"
"Bundle 85 mecha industrial sci fi","4.99","Premium Bundle 85 mecha industrial sci fi asset pack. Category: mecha industrial sci fi. Includes 32 high-definition graphic assets with full commercial usage rights.","bundle_85_mecha_industrial_sci_fi"
"Bundle 68 mecha industrial sci fi","4.99","Premium Bundle 68 mecha industrial sci fi asset pack. Category: mecha industrial sci fi. Includes 32 high-definition graphic assets with full commercial usage rights.","bundle_68_mecha_industrial_sci_fi"
"Bundle 108 mecha industrial sci fi","4.99","Premium Bundle 108 mecha industrial sci fi asset pack. Category: mecha industrial sci fi. Includes 32 high-definition graphic assets with full commercial usage rights.","bundle_108_mecha_industrial_sci_fi"
"Bundle 224 mecha industrial sci fi","4.99","Premium Bundle 224 mecha industrial sci fi asset pack. Category: mecha industrial sci fi. Includes 32 high-definition graphic assets with full commercial usage rights.","bundle_224_mecha_industrial_sci_fi"
"Bundle 57 mecha industrial sci fi","4.99","Premium Bundle 57 mecha industrial sci fi asset pack. Category: mecha industrial sci fi. Includes 32 high-definition graphic assets with full commercial usage rights.","bundle_57_mecha_industrial_sci_fi"
"Bundle 33 mecha industrial sci fi","4.99","Premium Bundle 33 mecha industrial sci fi asset pack. Category: mecha industrial sci fi. Includes 32 high-definition graphic assets with full commercial usage rights.","bundle_33_mecha_industrial_sci_fi"
"Bundle 80 mecha industrial sci fi","4.99","Premium Bundle 80 mecha industrial sci fi asset pack. Category: mecha industrial sci fi. Includes 32 high-definition graphic assets with full commercial usage rights.","bundle_80_mecha_industrial_sci_fi"
"Bundle 105 mecha industrial sci fi","4.99","Premium Bundle 105 mecha industrial sci fi asset pack. Category: mecha industrial sci fi. Includes 32 high-definition graphic assets with full commercial usage rights.","bundle_105_mecha_industrial_sci_fi"
"Bundle 112 mecha industrial sci fi","4.99","Premium Bundle 112 mecha industrial sci fi asset pack. Category: mecha industrial sci fi. Includes 32 high-definition graphic assets with full commercial usage rights.","bundle_112_mecha_industrial_sci_fi"
"Bundle 119 mecha industrial sci fi","4.99","Premium Bundle 119 mecha industrial sci fi asset pack. Category: mecha industrial sci fi. Includes 32 high-definition graphic assets with full commercial usage rights.","bundle_119_mecha_industrial_sci_fi"
"Bundle 72 mecha industrial sci fi","4.99","Premium Bundle 72 mecha industrial sci fi asset pack. Category: mecha industrial sci fi. Includes 32 high-definition graphic assets with full commercial usage rights.","bundle_72_mecha_industrial_sci_fi"
"Bundle 66 mecha industrial sci fi","4.99","Premium Bundle 66 mecha industrial sci fi asset pack. Category: mecha industrial sci fi. Includes 32 high-definition graphic assets with full commercial usage rights.","bundle_66_mecha_industrial_sci_fi"
"Bundle 111 mecha industrial sci fi","4.99","Premium Bundle 111 mecha industrial sci fi asset pack. Category: mecha industrial sci fi. Includes 32 high-definition graphic assets with full commercial usage rights.","bundle_111_mecha_industrial_sci_fi"
"Bundle 138 mecha industrial sci fi","4.99","Premium Bundle 138 mecha industrial sci fi asset pack. Category: mecha industrial sci fi. Includes 32 high-definition graphic assets with full commercial usage rights.","bundle_138_mecha_industrial_sci_fi"
"Bundle 148 mecha industrial sci fi","4.99","Premium Bundle 148 mecha industrial sci fi asset pack. Category: mecha industrial sci fi. Includes 32 high-definition graphic assets with full commercial usage rights.","bundle_148_mecha_industrial_sci_fi"
"Bundle 225 electric pocket monster mech","4.99","Premium Bundle 225 electric pocket monster mech asset pack. Category: electric pocket monster mech. Includes 32 high-definition graphic assets with full commercial usage rights.","bundle_225_electric_pocket_monster_mech"
"Bundle 176 electric pocket monster mech","4.99","Premium Bundle 176 electric pocket monster mech asset pack. Category: electric pocket monster mech. Includes 32 high-definition graphic assets with full commercial usage rights.","bundle_176_electric_pocket_monster_mech"
"Bundle 28 electric pocket monster mech","4.99","Premium Bundle 28 electric pocket monster mech asset pack. Category: electric pocket monster mech. Includes 32 high-definition graphic assets with full commercial usage rights.","bundle_28_electric_pocket_monster_mech"
"Bundle 221 electric pocket monster mech","4.99","Premium Bundle 221 electric pocket monster mech asset pack. Category: electric pocket monster mech. Includes 32 high-definition graphic assets with full commercial usage rights.","bundle_221_electric_pocket_monster_mech"
"Bundle 149 electric pocket monster mech","4.99","Premium Bundle 149 electric pocket monster mech asset pack. Category: electric pocket monster mech. Includes 32 high-definition graphic assets with full commercial usage rights.","bundle_149_electric_pocket_monster_mech"
"Bundle 215 electric pocket monster mech","4.99","Premium Bundle 215 electric pocket monster mech asset pack. Category: electric pocket monster mech. Includes 32 high-definition graphic assets with full commercial usage rights.","bundle_215_electric_pocket_monster_mech"
"Bundle 74 electric pocket monster mech","4.99","Premium Bundle 74 electric pocket monster mech asset pack. Category: electric pocket monster mech. Includes 32 high-definition graphic assets with full commercial usage rights.","bundle_74_electric_pocket_monster_mech"
"Bundle 186 electric pocket monster mech","4.99","Premium Bundle 186 electric pocket monster mech asset pack. Category: electric pocket monster mech. Includes 32 high-definition graphic assets with full commercial usage rights.","bundle_186_electric_pocket_monster_mech"
"Bundle 152 electric pocket monster mech","4.99","Premium Bundle 152 electric pocket monster mech asset pack. Category: electric pocket monster mech. Includes 32 high-definition graphic assets with full commercial usage rights.","bundle_152_electric_pocket_monster_mech"
"Bundle 106 psychedelic dark psy tech","4.99","Premium Bundle 106 psychedelic dark psy tech asset pack. Category: psychedelic dark psy tech. Includes 32 high-definition graphic assets with full commercial usage rights.","bundle_106_psychedelic_dark_psy_tech"
"Bundle 228 psychedelic dark psy tech","4.99","Premium Bundle 228 psychedelic dark psy tech asset pack. Category: psychedelic dark psy tech. Includes 32 high-definition graphic assets with full commercial usage rights.","bundle_228_psychedelic_dark_psy_tech"
"Bundle 177 psychedelic dark psy tech","4.99","Premium Bundle 177 psychedelic dark psy tech asset pack. Category: psychedelic dark psy tech. Includes 32 high-definition graphic assets with full commercial usage rights.","bundle_177_psychedelic_dark_psy_tech"
"Bundle 29 psychedelic dark psy tech","4.99","Premium Bundle 29 psychedelic dark psy tech asset pack. Category: psychedelic dark psy tech. Includes 32 high-definition graphic assets with full commercial usage rights.","bundle_29_psychedelic_dark_psy_tech"
"Bundle 62 psychedelic dark psy tech","4.99","Premium Bundle 62 psychedelic dark psy tech asset pack. Category: psychedelic dark psy tech. Includes 32 high-definition graphic assets with full commercial usage rights.","bundle_62_psychedelic_dark_psy_tech"
"Bundle 185 psychedelic dark psy tech","4.99","Premium Bundle 185 psychedelic dark psy tech asset pack. Category: psychedelic dark psy tech. Includes 32 high-definition graphic assets with full commercial usage rights.","bundle_185_psychedelic_dark_psy_tech"
"Bundle 139 psychedelic dark psy tech","4.99","Premium Bundle 139 psychedelic dark psy tech asset pack. Category: psychedelic dark psy tech. Includes 32 high-definition graphic assets with full commercial usage rights.","bundle_139_psychedelic_dark_psy_tech"
"Bundle 162 psychedelic dark psy tech","4.99","Premium Bundle 162 psychedelic dark psy tech asset pack. Category: psychedelic dark psy tech. Includes 32 high-definition graphic assets with full commercial usage rights.","bundle_162_psychedelic_dark_psy_tech"
"Bundle 222 psychedelic dark psy tech","4.99","Premium Bundle 222 psychedelic dark psy tech asset pack. Category: psychedelic dark psy tech. Includes 32 high-definition graphic assets with full commercial usage rights.","bundle_222_psychedelic_dark_psy_tech"
"Bundle 87 psychedelic dark psy tech","4.99","Premium Bundle 87 psychedelic dark psy tech asset pack. Category: psychedelic dark psy tech. Includes 32 high-definition graphic assets with full commercial usage rights.","bundle_87_psychedelic_dark_psy_tech"
"Bundle 83 psychedelic dark psy tech","4.99","Premium Bundle 83 psychedelic dark psy tech asset pack. Category: psychedelic dark psy tech. Includes 32 high-definition graphic assets with full commercial usage rights.","bundle_83_psychedelic_dark_psy_tech"
"Bundle 135 psychedelic dark psy tech","4.99","Premium Bundle 135 psychedelic dark psy tech asset pack. Category: psychedelic dark psy tech. Includes 32 high-definition graphic assets with full commercial usage rights.","bundle_135_psychedelic_dark_psy_tech"
"Bundle 86 psychedelic dark psy tech","4.99","Premium Bundle 86 psychedelic dark psy tech asset pack. Category: psychedelic dark psy tech. Includes 32 high-definition graphic assets with full commercial usage rights.","bundle_86_psychedelic_dark_psy_tech"
"Bundle 40 y2k acid glitch vector","4.99","Premium Bundle 40 y2k acid glitch vector asset pack. Category: y2k acid glitch vector. Includes 32 high-definition graphic assets with full commercial usage rights.","bundle_40_y2k_acid_glitch_vector"
"Bundle 45 y2k acid glitch vector","4.99","Premium Bundle 45 y2k acid glitch vector asset pack. Category: y2k acid glitch vector. Includes 32 high-definition graphic assets with full commercial usage rights.","bundle_45_y2k_acid_glitch_vector"
"Bundle 128 y2k acid glitch vector","4.99","Premium Bundle 128 y2k acid glitch vector asset pack. Category: y2k acid glitch vector. Includes 32 high-definition graphic assets with full commercial usage rights.","bundle_128_y2k_acid_glitch_vector"
"Bundle 114 y2k acid glitch vector","4.99","Premium Bundle 114 y2k acid glitch vector asset pack. Category: y2k acid glitch vector. Includes 32 high-definition graphic assets with full commercial usage rights.","bundle_114_y2k_acid_glitch_vector"
"Bundle 78 y2k acid glitch vector","4.99","Premium Bundle 78 y2k acid glitch vector asset pack. Category: y2k acid glitch vector. Includes 32 high-definition graphic assets with full commercial usage rights.","bundle_78_y2k_acid_glitch_vector"
"Bundle 168 y2k acid glitch vector","4.99","Premium Bundle 168 y2k acid glitch vector asset pack. Category: y2k acid glitch vector. Includes 32 high-definition graphic assets with full commercial usage rights.","bundle_168_y2k_acid_glitch_vector"
"Bundle 179 y2k acid glitch vector","4.99","Premium Bundle 179 y2k acid glitch vector asset pack. Category: y2k acid glitch vector. Includes 32 high-definition graphic assets with full commercial usage rights.","bundle_179_y2k_acid_glitch_vector"
"Bundle 143 y2k acid glitch vector","4.99","Premium Bundle 143 y2k acid glitch vector asset pack. Category: y2k acid glitch vector. Includes 32 high-definition graphic assets with full commercial usage rights.","bundle_143_y2k_acid_glitch_vector"
"Bundle 47 y2k acid glitch vector","4.99","Premium Bundle 47 y2k acid glitch vector asset pack. Category: y2k acid glitch vector. Includes 32 high-definition graphic assets with full commercial usage rights.","bundle_47_y2k_acid_glitch_vector"
"Bundle 28 y2k acid glitch vector","4.99","Premium Bundle 28 y2k acid glitch vector asset pack. Category: y2k acid glitch vector. Includes 32 high-definition graphic assets with full commercial usage rights.","bundle_28_y2k_acid_glitch_vector"
"Bundle 141 y2k acid glitch vector","4.99","Premium Bundle 141 y2k acid glitch vector asset pack. Category: y2k acid glitch vector. Includes 32 high-definition graphic assets with full commercial usage rights.","bundle_141_y2k_acid_glitch_vector"
"Bundle 200 y2k acid glitch vector","4.99","Premium Bundle 200 y2k acid glitch vector asset pack. Category: y2k acid glitch vector. Includes 32 high-definition graphic assets with full commercial usage rights.","bundle_200_y2k_acid_glitch_vector"
"Bundle 113 grimy streetwear alternative","4.99","Premium Bundle 113 grimy streetwear alternative asset pack. Category: grimy streetwear alternative. Includes 32 high-definition graphic assets with full commercial usage rights.","bundle_113_grimy_streetwear_alternative"
"Bundle 110 grimy streetwear alternative","4.99","Premium Bundle 110 grimy streetwear alternative asset pack. Category: grimy streetwear alternative. Includes 32 high-definition graphic assets with full commercial usage rights.","bundle_110_grimy_streetwear_alternative"
"Bundle 235 grimy streetwear alternative","4.99","Premium Bundle 235 grimy streetwear alternative asset pack. Category: grimy streetwear alternative. Includes 32 high-definition graphic assets with full commercial usage rights.","bundle_235_grimy_streetwear_alternative"
"Bundle 184 grimy streetwear alternative","4.99","Premium Bundle 184 grimy streetwear alternative asset pack. Category: grimy streetwear alternative. Includes 32 high-definition graphic assets with full commercial usage rights.","bundle_184_grimy_streetwear_alternative"
"Bundle 209 grimy streetwear alternative","4.99","Premium Bundle 209 grimy streetwear alternative asset pack. Category: grimy streetwear alternative. Includes 32 high-definition graphic assets with full commercial usage rights.","bundle_209_grimy_streetwear_alternative"
"Bundle 166 grimy streetwear alternative","4.99","Premium Bundle 166 grimy streetwear alternative asset pack. Category: grimy streetwear alternative. Includes 32 high-definition graphic assets with full commercial usage rights.","bundle_166_grimy_streetwear_alternative"
"Bundle 129 grimy streetwear alternative","4.99","Premium Bundle 129 grimy streetwear alternative asset pack. Category: grimy streetwear alternative. Includes 32 high-definition graphic assets with full commercial usage rights.","bundle_129_grimy_streetwear_alternative"
