name,price,description,file_name
Bundle,40000,neon alternative gothic Premium digital design asset bundle artwork collection: Bundle 4 neon alternative,gothic.
Bundle,2110000,neon alternative gothic Premium digital design asset bundle artwork collection: Bundle 211 neon alternative,gothic.
Bundle,470000,grimy streetwear alternative Premium digital design asset bundle artwork collection: Bundle 47 grimy streetwear,alternative.
Bundle,1650000,dark luxury red and matte black Premium digital design asset bundle artwork collection: Bundle 165 dark luxury red and matte,black.
Bundle,1220000,industrial metal and lace Premium digital design asset bundle artwork collection: Bundle 122 industrial metal and,lace.
Bundle,560000,midnight garden escape room Premium digital design asset bundle artwork collection: Bundle 56 midnight garden escape,room.
Bundle,1950000,crimson catacombs Premium digital design asset bundle artwork collection: Bundle 195 crimson,catacombs.
Bundle,390000,crimson cyberpunk fetish Premium digital design asset bundle artwork collection: Bundle 39 crimson cyberpunk,fetish.
Bundle,810000,dreamy enchanted garden Premium digital design asset bundle artwork collection: Bundle 81 dreamy enchanted,garden.
Bundle,1500000,gothic luxury velvet Premium digital design asset bundle artwork collection: Bundle 150 gothic luxury,velvet.
Bundle,1030000,crimson cyberpunk fetish Premium digital design asset bundle artwork collection: Bundle 103 crimson cyberpunk,fetish.
Bundle,370000,minimalist high contrast crimson Premium digital design asset bundle artwork collection: Bundle 37 minimalist high contrast,crimson.
Bundle,980000,vaporwave synthwave fetish Premium digital design asset bundle artwork collection: Bundle 98 vaporwave synthwave,fetish.
Bundle,1150000,gothic luxury velvet Premium digital design asset bundle artwork collection: Bundle 115 gothic luxury,velvet.
Bundle,760000,decadent underground lair Premium digital design asset bundle artwork collection: Bundle 76 decadent underground,lair.
Bundle,530000,vaporwave synthwave fetish Premium digital design asset bundle artwork collection: Bundle 53 vaporwave synthwave,fetish.
Bundle,400000,steamy beach getaway Premium digital design asset bundle artwork collection: Bundle 40 steamy beach,getaway.
Bundle,1040000,midnight garden escape room Premium digital design asset bundle artwork collection: Bundle 104 midnight garden escape,room.
Bundle,470000,minimalist high contrast crimson Premium digital design asset bundle artwork collection: Bundle 47 minimalist high contrast,crimson.
Bundle,20000,industrial metal and lace Premium digital design asset bundle artwork collection: Bundle 2 industrial metal and,lace.
Bundle,920000,grimdark elden fantasy Premium digital design asset bundle artwork collection: Bundle 92 grimdark elden,fantasy.
Bundle,920000,dreamy enchanted garden Premium digital design asset bundle artwork collection: Bundle 92 dreamy enchanted,garden.
Bundle,1130000,vaporwave synthwave fetish Premium digital design asset bundle artwork collection: Bundle 113 vaporwave synthwave,fetish.
Bundle,2160000,glitchcore cyber web vector Premium digital design asset bundle artwork collection: Bundle 216 glitchcore cyber web,vector.
Bundle,2460000,crimson catacombs Premium digital design asset bundle artwork collection: Bundle 246 crimson,catacombs.
Bundle,380000,dystopian cyberpunk noir Premium digital design asset bundle artwork collection: Bundle 38 dystopian cyberpunk,noir.
Bundle,410000,dark luxury red and matte black Premium digital design asset bundle artwork collection: Bundle 41 dark luxury red and matte,black.
Bundle,510000,vaporwave synthwave fetish Premium digital design asset bundle artwork collection: Bundle 51 vaporwave synthwave,fetish.
Bundle,500000,dark luxury red and matte black Premium digital design asset bundle artwork collection: Bundle 50 dark luxury red and matte,black.
Bundle,2480000,elegant masquerade affair Premium digital design asset bundle artwork collection: Bundle 248 elegant masquerade,affair.
Bundle,370000,gothic luxury velvet Premium digital design asset bundle artwork collection: Bundle 37 gothic luxury,velvet.
Bundle,850000,mecha industrial sci fi Premium digital design asset bundle artwork collection: Bundle 85 mecha industrial sci,fi.
Bundle,2230000,gothic luxury velvet Premium digital design asset bundle artwork collection: Bundle 223 gothic luxury,velvet.
Bundle,1490000,erotic rooftop lounge Premium digital design asset bundle artwork collection: Bundle 149 erotic rooftop,lounge.
Bundle,2600000,crimson masquerade Premium digital design asset bundle artwork collection: Bundle 260 crimson,masquerade.
Bundle,740000,decadent underground lair Premium digital design asset bundle artwork collection: Bundle 74 decadent underground,lair.
Bundle,480000,glitchcore cyber web vector Premium digital design asset bundle artwork collection: Bundle 48 glitchcore cyber web,vector.
Bundle,770000,steamy beach getaway Premium digital design asset bundle artwork collection: Bundle 77 steamy beach,getaway.
Bundle,730000,dark luxury red and matte black Premium digital design asset bundle artwork collection: Bundle 73 dark luxury red and matte,black.
Bundle,1630000,minimalist high contrast crimson Premium digital design asset bundle artwork collection: Bundle 163 minimalist high contrast,crimson.
Bundle,710000,decadent underground lair Premium digital design asset bundle artwork collection: Bundle 71 decadent underground,lair.
Bundle,390000,vaporwave synthwave fetish Premium digital design asset bundle artwork collection: Bundle 39 vaporwave synthwave,fetish.
Bundle,620000,glittering cabaret Premium digital design asset bundle artwork collection: Bundle 62 glittering,cabaret.
Bundle,340000,neon alternative gothic Premium digital design asset bundle artwork collection: Bundle 34 neon alternative,gothic.
Bundle,680000,crimson cyberpunk fetish Premium digital design asset bundle artwork collection: Bundle 68 crimson cyberpunk,fetish.
Bundle,330000,phonk drift jdm streetwear Premium digital design asset bundle artwork collection: Bundle 33 phonk drift jdm,streetwear.
Bundle,1540000,neon alternative gothic Premium digital design asset bundle artwork collection: Bundle 154 neon alternative,gothic.
Bundle,1060000,psychedelic dark psy tech Premium digital design asset bundle artwork collection: Bundle 106 psychedelic dark psy,tech.
Bundle,290000,vaporwave synthwave fetish Premium digital design asset bundle artwork collection: Bundle 29 vaporwave synthwave,fetish.
Bundle,240000,crimson cyberpunk fetish Premium digital design asset bundle artwork collection: Bundle 24 crimson cyberpunk,fetish.
Bundle,490000,vaporwave synthwave fetish Premium digital design asset bundle artwork collection: Bundle 49 vaporwave synthwave,fetish.
Bundle,2290000,minimalist high contrast crimson Premium digital design asset bundle artwork collection: Bundle 229 minimalist high contrast,crimson.
Bundle,340000,crimson cyberpunk fetish Premium digital design asset bundle artwork collection: Bundle 34 crimson cyberpunk,fetish.
Bundle,2250000,electric pocket monster mech Premium digital design asset bundle artwork collection: Bundle 225 electric pocket monster,mech.
Bundle,680000,mecha industrial sci fi Premium digital design asset bundle artwork collection: Bundle 68 mecha industrial sci,fi.
Bundle,400000,y2k acid glitch vector Premium digital design asset bundle artwork collection: Bundle 40 y2k acid glitch,vector.
Bundle,1800000,midnight garden escape room Premium digital design asset bundle artwork collection: Bundle 180 midnight garden escape,room.
Bundle,700000,dystopian cyberpunk noir Premium digital design asset bundle artwork collection: Bundle 70 dystopian cyberpunk,noir.
Bundle,230000,minimalist high contrast crimson Premium digital design asset bundle artwork collection: Bundle 23 minimalist high contrast,crimson.
Bundle,1400000,dark alley romance Premium digital design asset bundle artwork collection: Bundle 140 dark alley,romance.
Bundle,480000,sensual waterfall retreat Premium digital design asset bundle artwork collection: Bundle 48 sensual waterfall,retreat.
Bundle,690000,grimdark elden fantasy Premium digital design asset bundle artwork collection: Bundle 69 grimdark elden,fantasy.
Bundle,950000,elegant masquerade affair Premium digital design asset bundle artwork collection: Bundle 95 elegant masquerade,affair.
Bundle,660000,minimalist high contrast crimson Premium digital design asset bundle artwork collection: Bundle 66 minimalist high contrast,crimson.
Bundle,1110000,crimson cyberpunk fetish Premium digital design asset bundle artwork collection: Bundle 111 crimson cyberpunk,fetish.
Bundle,320000,grimy streetwear alternative Premium digital design asset bundle artwork collection: Bundle 32 grimy streetwear,alternative.
Bundle,2390000,dreamy enchanted garden Premium digital design asset bundle artwork collection: Bundle 239 dreamy enchanted,garden.
Bundle,2290000,industrial lust Premium digital design asset bundle artwork collection: Bundle 229 industrial,lust.
Bundle,360000,dark alley romance Premium digital design asset bundle artwork collection: Bundle 36 dark alley,romance.
Bundle,590000,sensual waterfall retreat Premium digital design asset bundle artwork collection: Bundle 59 sensual waterfall,retreat.
Bundle,1990000,gothic luxury velvet Premium digital design asset bundle artwork collection: Bundle 199 gothic luxury,velvet.
Bundle,280000,midnight garden escape room Premium digital design asset bundle artwork collection: Bundle 28 midnight garden escape,room.
Bundle,410000,crimson cyberpunk fetish Premium digital design asset bundle artwork collection: Bundle 41 crimson cyberpunk,fetish.
Bundle,180000,vaporwave synthwave fetish Premium digital design asset bundle artwork collection: Bundle 18 vaporwave synthwave,fetish.
Bundle,710000,dark luxury red and matte black Premium digital design asset bundle artwork collection: Bundle 71 dark luxury red and matte,black.
Bundle,800000,erotic rooftop lounge Premium digital design asset bundle artwork collection: Bundle 80 erotic rooftop,lounge.
Bundle,770000,aesthetic lofi chill pixel Premium digital design asset bundle artwork collection: Bundle 77 aesthetic lofi chill,pixel.
Bundle,880000,dark luxury red and matte black Premium digital design asset bundle artwork collection: Bundle 88 dark luxury red and matte,black.
Bundle,2190000,fetish fantasy Premium digital design asset bundle artwork collection: Bundle 219 fetish,fantasy.
Bundle,980000,aesthetic lofi chill pixel Premium digital design asset bundle artwork collection: Bundle 98 aesthetic lofi chill,pixel.
Bundle,110000,grimy streetwear alternative Premium digital design asset bundle artwork collection: Bundle 11 grimy streetwear,alternative.
Bundle,520000,industrial metal and lace Premium digital design asset bundle artwork collection: Bundle 52 industrial metal and,lace.
Bundle,530000,gothic luxury velvet Premium digital design asset bundle artwork collection: Bundle 53 gothic luxury,velvet.
Bundle,810000,dystopian cyberpunk noir Premium digital design asset bundle artwork collection: Bundle 81 dystopian cyberpunk,noir.
Bundle,750000,sensual waterfall retreat Premium digital design asset bundle artwork collection: Bundle 75 sensual waterfall,retreat.
Bundle,1880000,dark luxury red and matte black Premium digital design asset bundle artwork collection: Bundle 188 dark luxury red and matte,black.
Bundle,910000,dark alley romance Premium digital design asset bundle artwork collection: Bundle 91 dark alley,romance.
Bundle,670000,gothic luxury velvet Premium digital design asset bundle artwork collection: Bundle 67 gothic luxury,velvet.
Bundle,1130000,grimy streetwear alternative Premium digital design asset bundle artwork collection: Bundle 113 grimy streetwear,alternative.
Bundle,670000,steamy beach getaway Premium digital design asset bundle artwork collection: Bundle 67 steamy beach,getaway.
Bundle,490000,dystopian cyberpunk noir Premium digital design asset bundle artwork collection: Bundle 49 dystopian cyberpunk,noir.
Bundle,380000,neon alternative gothic Premium digital design asset bundle artwork collection: Bundle 38 neon alternative,gothic.
Bundle,500000,midnight masquerade Premium digital design asset bundle artwork collection: Bundle 50 midnight,masquerade.
Bundle,360000,crimson cyberpunk fetish Premium digital design asset bundle artwork collection: Bundle 36 crimson cyberpunk,fetish.
Bundle,380000,industrial metal and lace Premium digital design asset bundle artwork collection: Bundle 38 industrial metal and,lace.
Bundle,660000,steamy beach getaway Premium digital design asset bundle artwork collection: Bundle 66 steamy beach,getaway.
Bundle,60000,neon alternative gothic Premium digital design asset bundle artwork collection: Bundle 6 neon alternative,gothic.
Bundle,1030000,grimy streetwear alternative Premium digital design asset bundle artwork collection: Bundle 103 grimy streetwear,alternative.
Bundle,250000,dark luxury red and matte black Premium digital design asset bundle artwork collection: Bundle 25 dark luxury red and matte,black.
Bundle,330000,dark luxury red and matte black Premium digital design asset bundle artwork collection: Bundle 33 dark luxury red and matte,black.
Bundle,1670000,neon alternative gothic Premium digital design asset bundle artwork collection: Bundle 167 neon alternative,gothic.
Bundle,460000,vaporwave synthwave fetish Premium digital design asset bundle artwork collection: Bundle 46 vaporwave synthwave,fetish.
Bundle,940000,dreamy enchanted garden Premium digital design asset bundle artwork collection: Bundle 94 dreamy enchanted,garden.
Bundle,1790000,dreamy enchanted garden Premium digital design asset bundle artwork collection: Bundle 179 dreamy enchanted,garden.
Bundle,410000,glitchcore cyber web vector Premium digital design asset bundle artwork collection: Bundle 41 glitchcore cyber web,vector.
Bundle,210000,grimy streetwear alternative Premium digital design asset bundle artwork collection: Bundle 21 grimy streetwear,alternative.
Bundle,1050000,dark luxury red and matte black Premium digital design asset bundle artwork collection: Bundle 105 dark luxury red and matte,black.
Bundle,20000,grimy streetwear alternative Premium digital design asset bundle artwork collection: Bundle 2 grimy streetwear,alternative.
Bundle,370000,dystopian cyberpunk noir Premium digital design asset bundle artwork collection: Bundle 37 dystopian cyberpunk,noir.
Bundle,1570000,elegant masquerade affair Premium digital design asset bundle artwork collection: Bundle 157 elegant masquerade,affair.
Bundle,410000,neon alternative gothic Premium digital design asset bundle artwork collection: Bundle 41 neon alternative,gothic.
Bundle,1340000,steamy beach getaway Premium digital design asset bundle artwork collection: Bundle 134 steamy beach,getaway.
Bundle,1300000,dark luxury red and matte black Premium digital design asset bundle artwork collection: Bundle 130 dark luxury red and matte,black.
Bundle,620000,vaporwave synthwave fetish Premium digital design asset bundle artwork collection: Bundle 62 vaporwave synthwave,fetish.
Bundle,2320000,gothic luxury velvet Premium digital design asset bundle artwork collection: Bundle 232 gothic luxury,velvet.
Bundle,410000,minimalist high contrast crimson Premium digital design asset bundle artwork collection: Bundle 41 minimalist high contrast,crimson.
Bundle,320000,vaporwave synthwave fetish Premium digital design asset bundle artwork collection: Bundle 32 vaporwave synthwave,fetish.
Bundle,990000,midnight masquerade Premium digital design asset bundle artwork collection: Bundle 99 midnight,masquerade.
Bundle,2450000,sensual waterfall retreat Premium digital design asset bundle artwork collection: Bundle 245 sensual waterfall,retreat.
Bundle,40000,dark luxury red and matte black Premium digital design asset bundle artwork collection: Bundle 4 dark luxury red and matte,black.
Bundle,630000,dark luxury red and matte black Premium digital design asset bundle artwork collection: Bundle 63 dark luxury red and matte,black.
Bundle,1580000,sensual waterfall retreat Premium digital design asset bundle artwork collection: Bundle 158 sensual waterfall,retreat.
Bundle,320000,elegant masquerade affair Premium digital design asset bundle artwork collection: Bundle 32 elegant masquerade,affair.
Bundle,690000,grimy streetwear alternative Premium digital design asset bundle artwork collection: Bundle 69 grimy streetwear,alternative.
Bundle,1240000,erotic rooftop lounge Premium digital design asset bundle artwork collection: Bundle 124 erotic rooftop,lounge.
Bundle,540000,sensual waterfall retreat Premium digital design asset bundle artwork collection: Bundle 54 sensual waterfall,retreat.
Bundle,600000,steamy beach getaway Premium digital design asset bundle artwork collection: Bundle 60 steamy beach,getaway.
Bundle,430000,gothic luxury velvet Premium digital design asset bundle artwork collection: Bundle 43 gothic luxury,velvet.
Bundle,780000,minimalist high contrast crimson Premium digital design asset bundle artwork collection: Bundle 78 minimalist high contrast,crimson.
Bundle,450000,y2k acid glitch vector Premium digital design asset bundle artwork collection: Bundle 45 y2k acid glitch,vector.
Bundle,2020000,dark alley romance Premium digital design asset bundle artwork collection: Bundle 202 dark alley,romance.
Bundle,920000,minimalist high contrast crimson Premium digital design asset bundle artwork collection: Bundle 92 minimalist high contrast,crimson.
Bundle,650000,minimalist high contrast crimson Premium digital design asset bundle artwork collection: Bundle 65 minimalist high contrast,crimson.
Bundle,1460000,neon alternative gothic Premium digital design asset bundle artwork collection: Bundle 146 neon alternative,gothic.
Bundle,1140000,midnight masquerade Premium digital design asset bundle artwork collection: Bundle 114 midnight,masquerade.
Bundle,340000,dark luxury red and matte black Premium digital design asset bundle artwork collection: Bundle 34 dark luxury red and matte,black.
Bundle,1370000,elegant masquerade affair Premium digital design asset bundle artwork collection: Bundle 137 elegant masquerade,affair.
Bundle,400000,grimy streetwear alternative Premium digital design asset bundle artwork collection: Bundle 40 grimy streetwear,alternative.
Bundle,1830000,erotic rooftop lounge Premium digital design asset bundle artwork collection: Bundle 183 erotic rooftop,lounge.
Bundle,1510000,gothic luxury velvet Premium digital design asset bundle artwork collection: Bundle 151 gothic luxury,velvet.
Bundle,600000,gothic luxury velvet Premium digital design asset bundle artwork collection: Bundle 60 gothic luxury,velvet.
Bundle,1290000,midnight masquerade Premium digital design asset bundle artwork collection: Bundle 129 midnight,masquerade.
Bundle,2500000,glittering cabaret Premium digital design asset bundle artwork collection: Bundle 250 glittering,cabaret.
Bundle,910000,neon alternative gothic Premium digital design asset bundle artwork collection: Bundle 91 neon alternative,gothic.
Bundle,450000,crimson cyberpunk fetish Premium digital design asset bundle artwork collection: Bundle 45 crimson cyberpunk,fetish.
Bundle,1460000,sensual waterfall retreat Premium digital design asset bundle artwork collection: Bundle 146 sensual waterfall,retreat.
Bundle,840000,neon alternative gothic Premium digital design asset bundle artwork collection: Bundle 84 neon alternative,gothic.
Bundle,480000,crimson cyberpunk fetish Premium digital design asset bundle artwork collection: Bundle 48 crimson cyberpunk,fetish.
Bundle,2610000,elegant masquerade affair Premium digital design asset bundle artwork collection: Bundle 261 elegant masquerade,affair.
Bundle,2470000,crimson masquerade Premium digital design asset bundle artwork collection: Bundle 247 crimson,masquerade.
Bundle,1150000,dark luxury red and matte black Premium digital design asset bundle artwork collection: Bundle 115 dark luxury red and matte,black.
Bundle,940000,elegant masquerade affair Premium digital design asset bundle artwork collection: Bundle 94 elegant masquerade,affair.
Bundle,750000,minimalist high contrast crimson Premium digital design asset bundle artwork collection: Bundle 75 minimalist high contrast,crimson.
Bundle,1080000,mecha industrial sci fi Premium digital design asset bundle artwork collection: Bundle 108 mecha industrial sci,fi.
Bundle,2310000,decadent underground lair Premium digital design asset bundle artwork collection: Bundle 231 decadent underground,lair.
Bundle,310000,fetish fantasy Premium digital design asset bundle artwork collection: Bundle 31 fetish,fantasy.
Bundle,1100000,grimy streetwear alternative Premium digital design asset bundle artwork collection: Bundle 110 grimy streetwear,alternative.
Bundle,1360000,industrial metal and lace Premium digital design asset bundle artwork collection: Bundle 136 industrial metal and,lace.
Bundle,1690000,dystopian cyberpunk noir Premium digital design asset bundle artwork collection: Bundle 169 dystopian cyberpunk,noir.
Bundle,1650000,erotic rooftop lounge Premium digital design asset bundle artwork collection: Bundle 165 erotic rooftop,lounge.
Bundle,1930000,glitchcore cyber web vector Premium digital design asset bundle artwork collection: Bundle 193 glitchcore cyber web,vector.
Bundle,1160000,aesthetic lofi chill pixel Premium digital design asset bundle artwork collection: Bundle 116 aesthetic lofi chill,pixel.
Bundle,570000,industrial metal and lace Premium digital design asset bundle artwork collection: Bundle 57 industrial metal and,lace.
Bundle,350000,minimalist high contrast crimson Premium digital design asset bundle artwork collection: Bundle 35 minimalist high contrast,crimson.
Bundle,1510000,crimson masquerade Premium digital design asset bundle artwork collection: Bundle 151 crimson,masquerade.
Bundle,400000,glitchcore cyber web vector Premium digital design asset bundle artwork collection: Bundle 40 glitchcore cyber web,vector.
Bundle,2130000,minimalist high contrast crimson Premium digital design asset bundle artwork collection: Bundle 213 minimalist high contrast,crimson.
Bundle,270000,gothic luxury velvet Premium digital design asset bundle artwork collection: Bundle 27 gothic luxury,velvet.
Bundle,2240000,mecha industrial sci fi Premium digital design asset bundle artwork collection: Bundle 224 mecha industrial sci,fi.
Bundle,2260000,gothic luxury velvet Premium digital design asset bundle artwork collection: Bundle 226 gothic luxury,velvet.
Bundle,1280000,y2k acid glitch vector Premium digital design asset bundle artwork collection: Bundle 128 y2k acid glitch,vector.
Bundle,1810000,elegant masquerade affair Premium digital design asset bundle artwork collection: Bundle 181 elegant masquerade,affair.
Bundle,2030000,glittering cabaret Premium digital design asset bundle artwork collection: Bundle 203 glittering,cabaret.
Bundle,640000,elegant masquerade affair Premium digital design asset bundle artwork collection: Bundle 64 elegant masquerade,affair.
Bundle,570000,mecha industrial sci fi Premium digital design asset bundle artwork collection: Bundle 57 mecha industrial sci,fi.
Bundle,2330000,glitchcore cyber web vector Premium digital design asset bundle artwork collection: Bundle 233 glitchcore cyber web,vector.
Bundle,1740000,crimson masquerade Premium digital design asset bundle artwork collection: Bundle 174 crimson,masquerade.
Bundle,430000,sensual waterfall retreat Premium digital design asset bundle artwork collection: Bundle 43 sensual waterfall,retreat.
Bundle,2490000,fetish fantasy Premium digital design asset bundle artwork collection: Bundle 249 fetish,fantasy.
Bundle,2180000,dark alley romance Premium digital design asset bundle artwork collection: Bundle 218 dark alley,romance.
Bundle,280000,glitchcore cyber web vector Premium digital design asset bundle artwork collection: Bundle 28 glitchcore cyber web,vector.
Bundle,700000,glitchcore cyber web vector Premium digital design asset bundle artwork collection: Bundle 70 glitchcore cyber web,vector.
Bundle,2280000,psychedelic dark psy tech Premium digital design asset bundle artwork collection: Bundle 228 psychedelic dark psy,tech.
Bundle,960000,neon alternative gothic Premium digital design asset bundle artwork collection: Bundle 96 neon alternative,gothic.
Bundle,690000,dark luxury red and matte black Premium digital design asset bundle artwork collection: Bundle 69 dark luxury red and matte,black.
Bundle,1170000,phonk drift jdm streetwear Premium digital design asset bundle artwork collection: Bundle 117 phonk drift jdm,streetwear.
Bundle,420000,erotic rooftop lounge Premium digital design asset bundle artwork collection: Bundle 42 erotic rooftop,lounge.
Bundle,420000,grimy streetwear alternative Premium digital design asset bundle artwork collection: Bundle 42 grimy streetwear,alternative.
Bundle,910000,sensual waterfall retreat Premium digital design asset bundle artwork collection: Bundle 91 sensual waterfall,retreat.
Bundle,990000,dark luxury red and matte black Premium digital design asset bundle artwork collection: Bundle 99 dark luxury red and matte,black.
Bundle,400000,erotic rooftop lounge Premium digital design asset bundle artwork collection: Bundle 40 erotic rooftop,lounge.
Bundle,330000,mecha industrial sci fi Premium digital design asset bundle artwork collection: Bundle 33 mecha industrial sci,fi.
Bundle,280000,grimy streetwear alternative Premium digital design asset bundle artwork collection: Bundle 28 grimy streetwear,alternative.
Bundle,150000,crimson cyberpunk fetish Premium digital design asset bundle artwork collection: Bundle 15 crimson cyberpunk,fetish.
Bundle,700000,dreamy enchanted garden Premium digital design asset bundle artwork collection: Bundle 70 dreamy enchanted,garden.
Bundle,170000,gothic luxury velvet Premium digital design asset bundle artwork collection: Bundle 17 gothic luxury,velvet.
Bundle,290000,midnight masquerade Premium digital design asset bundle artwork collection: Bundle 29 midnight,masquerade.
Bundle,1730000,neon alternative gothic Premium digital design asset bundle artwork collection: Bundle 173 neon alternative,gothic.
Bundle,340000,industrial metal and lace Premium digital design asset bundle artwork collection: Bundle 34 industrial metal and,lace.
Bundle,1380000,midnight garden escape room Premium digital design asset bundle artwork collection: Bundle 138 midnight garden escape,room.
Bundle,620000,crimson masquerade Premium digital design asset bundle artwork collection: Bundle 62 crimson,masquerade.
Bundle,2270000,midnight garden soiree Premium digital design asset bundle artwork collection: Bundle 227 midnight garden,soiree.
Bundle,2340000,dreamy enchanted garden Premium digital design asset bundle artwork collection: Bundle 234 dreamy enchanted,garden.
Bundle,430000,minimalist high contrast crimson Premium digital design asset bundle artwork collection: Bundle 43 minimalist high contrast,crimson.
Bundle,450000,fetish fantasy Premium digital design asset bundle artwork collection: Bundle 45 fetish,fantasy.
Bundle,300000,gothic luxury velvet Premium digital design asset bundle artwork collection: Bundle 30 gothic luxury,velvet.
Bundle,2030000,gothic luxury velvet Premium digital design asset bundle artwork collection: Bundle 203 gothic luxury,velvet.
Bundle,360000,gothic luxury velvet Premium digital design asset bundle artwork collection: Bundle 36 gothic luxury,velvet.
Bundle,850000,elegant masquerade affair Premium digital design asset bundle artwork collection: Bundle 85 elegant masquerade,affair.
Bundle,350000,dystopian cyberpunk noir Premium digital design asset bundle artwork collection: Bundle 35 dystopian cyberpunk,noir.
Bundle,1070000,glitchcore cyber web vector Premium digital design asset bundle artwork collection: Bundle 107 glitchcore cyber web,vector.
Bundle,680000,minimalist high contrast crimson Premium digital design asset bundle artwork collection: Bundle 68 minimalist high contrast,crimson.
Bundle,1550000,grimdark elden fantasy Premium digital design asset bundle artwork collection: Bundle 155 grimdark elden,fantasy.
Bundle,1580000,minimalist high contrast crimson Premium digital design asset bundle artwork collection: Bundle 158 minimalist high contrast,crimson.
Bundle,1730000,midnight garden escape room Premium digital design asset bundle artwork collection: Bundle 173 midnight garden escape,room.
Bundle,1250000,elegant masquerade affair Premium digital design asset bundle artwork collection: Bundle 125 elegant masquerade,affair.
Bundle,420000,neon alternative gothic Premium digital design asset bundle artwork collection: Bundle 42 neon alternative,gothic.
Bundle,2250000,sensual waterfall retreat Premium digital design asset bundle artwork collection: Bundle 225 sensual waterfall,retreat.
Bundle,1470000,decadent underground lair Premium digital design asset bundle artwork collection: Bundle 147 decadent underground,lair.
Bundle,360000,grimy streetwear alternative Premium digital design asset bundle artwork collection: Bundle 36 grimy streetwear,alternative.
Bundle,910000,grimdark elden fantasy Premium digital design asset bundle artwork collection: Bundle 91 grimdark elden,fantasy.
Bundle,280000,crimson cyberpunk fetish Premium digital design asset bundle artwork collection: Bundle 28 crimson cyberpunk,fetish.
Bundle,560000,dark luxury red and matte black Premium digital design asset bundle artwork collection: Bundle 56 dark luxury red and matte,black.
Bundle,2220000,decadent underground lair Premium digital design asset bundle artwork collection: Bundle 222 decadent underground,lair.
Bundle,2110000,dark alley romance Premium digital design asset bundle artwork collection: Bundle 211 dark alley,romance.
Bundle,340000,grimy streetwear alternative Premium digital design asset bundle artwork collection: Bundle 34 grimy streetwear,alternative.
Bundle,10000,dark luxury red and matte black Premium digital design asset bundle artwork collection: Bundle 1 dark luxury red and matte,black.
Bundle,940000,vaporwave synthwave fetish Premium digital design asset bundle artwork collection: Bundle 94 vaporwave synthwave,fetish.
Bundle,2200000,dystopian cyberpunk noir Premium digital design asset bundle artwork collection: Bundle 220 dystopian cyberpunk,noir.
Bundle,270000,dark luxury red and matte black Premium digital design asset bundle artwork collection: Bundle 27 dark luxury red and matte,black.
Bundle,40000,gothic luxury velvet Premium digital design asset bundle artwork collection: Bundle 4 gothic luxury,velvet.
Bundle,950000,minimalist high contrast crimson Premium digital design asset bundle artwork collection: Bundle 95 minimalist high contrast,crimson.
Bundle,710000,dreamy enchanted garden Premium digital design asset bundle artwork collection: Bundle 71 dreamy enchanted,garden.
Bundle,440000,crimson catacombs Premium digital design asset bundle artwork collection: Bundle 44 crimson,catacombs.
Bundle,560000,crimson cyberpunk fetish Premium digital design asset bundle artwork collection: Bundle 56 crimson cyberpunk,fetish.
Bundle,530000,grimy streetwear alternative Premium digital design asset bundle artwork collection: Bundle 53 grimy streetwear,alternative.
Bundle,520000,glitchcore cyber web vector Premium digital design asset bundle artwork collection: Bundle 52 glitchcore cyber web,vector.
Bundle,1770000,psychedelic dark psy tech Premium digital design asset bundle artwork collection: Bundle 177 psychedelic dark psy,tech.
Bundle,1040000,industrial metal and lace Premium digital design asset bundle artwork collection: Bundle 104 industrial metal and,lace.
Bundle,1140000,y2k acid glitch vector Premium digital design asset bundle artwork collection: Bundle 114 y2k acid glitch,vector.
Bundle,350000,glitchcore cyber web vector Premium digital design asset bundle artwork collection: Bundle 35 glitchcore cyber web,vector.
Bundle,470000,crimson masquerade Premium digital design asset bundle artwork collection: Bundle 47 crimson,masquerade.
Bundle,2590000,fetish fantasy Premium digital design asset bundle artwork collection: Bundle 259 fetish,fantasy.
Bundle,450000,neon alternative gothic Premium digital design asset bundle artwork collection: Bundle 45 neon alternative,gothic.
Bundle,280000,grimdark elden fantasy Premium digital design asset bundle artwork collection: Bundle 28 grimdark elden,fantasy.
Bundle,610000,grimdark elden fantasy Premium digital design asset bundle artwork collection: Bundle 61 grimdark elden,fantasy.
Bundle,890000,sensual waterfall retreat Premium digital design asset bundle artwork collection: Bundle 89 sensual waterfall,retreat.
Bundle,360000,minimalist high contrast crimson Premium digital design asset bundle artwork collection: Bundle 36 minimalist high contrast,crimson.
Bundle,570000,crimson masquerade Premium digital design asset bundle artwork collection: Bundle 57 crimson,masquerade.
Bundle,590000,grimdark elden fantasy Premium digital design asset bundle artwork collection: Bundle 59 grimdark elden,fantasy.
Bundle,730000,crimson cyberpunk fetish Premium digital design asset bundle artwork collection: Bundle 73 crimson cyberpunk,fetish.
Bundle,1530000,glitchcore cyber web vector Premium digital design asset bundle artwork collection: Bundle 153 glitchcore cyber web,vector.
Bundle,350000,grimdark elden fantasy Premium digital design asset bundle artwork collection: Bundle 35 grimdark elden,fantasy.
Bundle,330000,minimalist high contrast crimson Premium digital design asset bundle artwork collection: Bundle 33 minimalist high contrast,crimson.
Bundle,1160000,midnight masquerade Premium digital design asset bundle artwork collection: Bundle 116 midnight,masquerade.
Bundle,2400000,dreamy enchanted garden Premium digital design asset bundle artwork collection: Bundle 240 dreamy enchanted,garden.
Bundle,700000,erotic rooftop lounge Premium digital design asset bundle artwork collection: Bundle 70 erotic rooftop,lounge.
Bundle,310000,glittering cabaret Premium digital design asset bundle artwork collection: Bundle 31 glittering,cabaret.
Bundle,290000,psychedelic dark psy tech Premium digital design asset bundle artwork collection: Bundle 29 psychedelic dark psy,tech.
Bundle,740000,elegant masquerade affair Premium digital design asset bundle artwork collection: Bundle 74 elegant masquerade,affair.
Bundle,550000,industrial metal and lace Premium digital design asset bundle artwork collection: Bundle 55 industrial metal and,lace.
Bundle,410000,erotic rooftop lounge Premium digital design asset bundle artwork collection: Bundle 41 erotic rooftop,lounge.
Bundle,1080000,vaporwave synthwave fetish Premium digital design asset bundle artwork collection: Bundle 108 vaporwave synthwave,fetish.
Bundle,1810000,glitchcore cyber web vector Premium digital design asset bundle artwork collection: Bundle 181 glitchcore cyber web,vector.
Bundle,930000,minimalist high contrast crimson Premium digital design asset bundle artwork collection: Bundle 93 minimalist high contrast,crimson.
Bundle,1180000,steamy beach getaway Premium digital design asset bundle artwork collection: Bundle 118 steamy beach,getaway.
Bundle,1330000,erotic rooftop lounge Premium digital design asset bundle artwork collection: Bundle 133 erotic rooftop,lounge.
Bundle,2350000,sensual waterfall retreat Premium digital design asset bundle artwork collection: Bundle 235 sensual waterfall,retreat.
Bundle,1990000,dreamy enchanted garden Premium digital design asset bundle artwork collection: Bundle 199 dreamy enchanted,garden.
Bundle,2070000,erotic rooftop lounge Premium digital design asset bundle artwork collection: Bundle 207 erotic rooftop,lounge.
Bundle,2010000,dreamy enchanted garden Premium digital design asset bundle artwork collection: Bundle 201 dreamy enchanted,garden.
Bundle,20000,dystopian cyberpunk noir Premium digital design asset bundle artwork collection: Bundle 2 dystopian cyberpunk,noir.
Bundle,50000,neon alternative gothic Premium digital design asset bundle artwork collection: Bundle 5 neon alternative,gothic.
Bundle,2070000,grimdark elden fantasy Premium digital design asset bundle artwork collection: Bundle 207 grimdark elden,fantasy.
Bundle,2340000,grimdark elden fantasy Premium digital design asset bundle artwork collection: Bundle 234 grimdark elden,fantasy.
Bundle,300000,midnight garden soiree Premium digital design asset bundle artwork collection: Bundle 30 midnight garden,soiree.
Bundle,1870000,decadent underground lair Premium digital design asset bundle artwork collection: Bundle 187 decadent underground,lair.
Bundle,1670000,crimson masquerade Premium digital design asset bundle artwork collection: Bundle 167 crimson,masquerade.
Bundle,630000,neon alternative gothic Premium digital design asset bundle artwork collection: Bundle 63 neon alternative,gothic.
Bundle,1840000,dark alley romance Premium digital design asset bundle artwork collection: Bundle 184 dark alley,romance.
Bundle,1520000,industrial lust Premium digital design asset bundle artwork collection: Bundle 152 industrial,lust.
Bundle,450000,dystopian cyberpunk noir Premium digital design asset bundle artwork collection: Bundle 45 dystopian cyberpunk,noir.
Bundle,600000,decadent underground lair Premium digital design asset bundle artwork collection: Bundle 60 decadent underground,lair.
Bundle,1760000,industrial lust Premium digital design asset bundle artwork collection: Bundle 176 industrial,lust.
Bundle,370000,crimson cyberpunk fetish Premium digital design asset bundle artwork collection: Bundle 37 crimson cyberpunk,fetish.
Bundle,520000,minimalist high contrast crimson Premium digital design asset bundle artwork collection: Bundle 52 minimalist high contrast,crimson.
Bundle,1040000,dystopian cyberpunk noir Premium digital design asset bundle artwork collection: Bundle 104 dystopian cyberpunk,noir.
Bundle,780000,y2k acid glitch vector Premium digital design asset bundle artwork collection: Bundle 78 y2k acid glitch,vector.
Bundle,1550000,dreamy enchanted garden Premium digital design asset bundle artwork collection: Bundle 155 dreamy enchanted,garden.
Bundle,270000,dystopian cyberpunk noir Premium digital design asset bundle artwork collection: Bundle 27 dystopian cyberpunk,noir.
Bundle,1120000,midnight garden escape room Premium digital design asset bundle artwork collection: Bundle 112 midnight garden escape,room.
Bundle,1420000,industrial metal and lace Premium digital design asset bundle artwork collection: Bundle 142 industrial metal and,lace.
Bundle,1150000,dreamy enchanted garden Premium digital design asset bundle artwork collection: Bundle 115 dreamy enchanted,garden.
Bundle,550000,minimalist high contrast crimson Premium digital design asset bundle artwork collection: Bundle 55 minimalist high contrast,crimson.
Bundle,1010000,crimson masquerade Premium digital design asset bundle artwork collection: Bundle 101 crimson,masquerade.
Bundle,680000,sensual waterfall retreat Premium digital design asset bundle artwork collection: Bundle 68 sensual waterfall,retreat.
Bundle,850000,decadent underground lair Premium digital design asset bundle artwork collection: Bundle 85 decadent underground,lair.
Bundle,130000,minimalist high contrast crimson Premium digital design asset bundle artwork collection: Bundle 13 minimalist high contrast,crimson.
Bundle,830000,midnight garden escape room Premium digital design asset bundle artwork collection: Bundle 83 midnight garden escape,room.
Bundle,550000,vaporwave synthwave fetish Premium digital design asset bundle artwork collection: Bundle 55 vaporwave synthwave,fetish.
Bundle,900000,phonk drift jdm streetwear Premium digital design asset bundle artwork collection: Bundle 90 phonk drift jdm,streetwear.
Bundle,600000,grimy streetwear alternative Premium digital design asset bundle artwork collection: Bundle 60 grimy streetwear,alternative.
Bundle,580000,steamy beach getaway Premium digital design asset bundle artwork collection: Bundle 58 steamy beach,getaway.
Bundle,2120000,industrial lust Premium digital design asset bundle artwork collection: Bundle 212 industrial,lust.
Bundle,1770000,steamy beach getaway Premium digital design asset bundle artwork collection: Bundle 177 steamy beach,getaway.
Bundle,1570000,grimdark elden fantasy Premium digital design asset bundle artwork collection: Bundle 157 grimdark elden,fantasy.
Bundle,800000,mecha industrial sci fi Premium digital design asset bundle artwork collection: Bundle 80 mecha industrial sci,fi.
Bundle,340000,decadent underground lair Premium digital design asset bundle artwork collection: Bundle 34 decadent underground,lair.
Bundle,1680000,y2k acid glitch vector Premium digital design asset bundle artwork collection: Bundle 168 y2k acid glitch,vector.
Bundle,1050000,dark alley romance Premium digital design asset bundle artwork collection: Bundle 105 dark alley,romance.
Bundle,530000,midnight masquerade Premium digital design asset bundle artwork collection: Bundle 53 midnight,masquerade.
Bundle,330000,midnight garden escape room Premium digital design asset bundle artwork collection: Bundle 33 midnight garden escape,room.
Bundle,1050000,mecha industrial sci fi Premium digital design asset bundle artwork collection: Bundle 105 mecha industrial sci,fi.
Bundle,1760000,electric pocket monster mech Premium digital design asset bundle artwork collection: Bundle 176 electric pocket monster,mech.
Bundle,1090000,industrial lust Premium digital design asset bundle artwork collection: Bundle 109 industrial,lust.
Bundle,800000,neon alternative gothic Premium digital design asset bundle artwork collection: Bundle 80 neon alternative,gothic.
Bundle,1950000,vaporwave synthwave fetish Premium digital design asset bundle artwork collection: Bundle 195 vaporwave synthwave,fetish.
Bundle,970000,aesthetic lofi chill pixel Premium digital design asset bundle artwork collection: Bundle 97 aesthetic lofi chill,pixel.
Bundle,340000,fetish fantasy Premium digital design asset bundle artwork collection: Bundle 34 fetish,fantasy.
Bundle,1340000,neon alternative gothic Premium digital design asset bundle artwork collection: Bundle 134 neon alternative,gothic.
Bundle,2560000,fetish fantasy Premium digital design asset bundle artwork collection: Bundle 256 fetish,fantasy.
Bundle,270000,crimson masquerade Premium digital design asset bundle artwork collection: Bundle 27 crimson,masquerade.
Bundle,1560000,crimson masquerade Premium digital design asset bundle artwork collection: Bundle 156 crimson,masquerade.
Bundle,1540000,dreamy enchanted garden Premium digital design asset bundle artwork collection: Bundle 154 dreamy enchanted,garden.
Bundle,1120000,mecha industrial sci fi Premium digital design asset bundle artwork collection: Bundle 112 mecha industrial sci,fi.
Bundle,270000,minimalist high contrast crimson Premium digital design asset bundle artwork collection: Bundle 27 minimalist high contrast,crimson.
Bundle,1420000,midnight garden soiree Premium digital design asset bundle artwork collection: Bundle 142 midnight garden,soiree.
Bundle,2180000,industrial metal and lace Premium digital design asset bundle artwork collection: Bundle 218 industrial metal and,lace.
Bundle,200000,neon alternative gothic Premium digital design asset bundle artwork collection: Bundle 20 neon alternative,gothic.
Bundle,1210000,minimalist high contrast crimson Premium digital design asset bundle artwork collection: Bundle 121 minimalist high contrast,crimson.
Bundle,1930000,midnight masquerade Premium digital design asset bundle artwork collection: Bundle 193 midnight,masquerade.
Bundle,300000,neon alternative gothic Premium digital design asset bundle artwork collection: Bundle 30 neon alternative,gothic.
Bundle,2050000,dark alley romance Premium digital design asset bundle artwork collection: Bundle 205 dark alley,romance.
Bundle,380000,crimson cyberpunk fetish Premium digital design asset bundle artwork collection: Bundle 38 crimson cyberpunk,fetish.
Bundle,1010000,glitchcore cyber web vector Premium digital design asset bundle artwork collection: Bundle 101 glitchcore cyber web,vector.
Bundle,2080000,aesthetic lofi chill pixel Premium digital design asset bundle artwork collection: Bundle 208 aesthetic lofi chill,pixel.
Bundle,1330000,phonk drift jdm streetwear Premium digital design asset bundle artwork collection: Bundle 133 phonk drift jdm,streetwear.
Bundle,540000,vaporwave synthwave fetish Premium digital design asset bundle artwork collection: Bundle 54 vaporwave synthwave,fetish.
Bundle,320000,dreamy enchanted garden Premium digital design asset bundle artwork collection: Bundle 32 dreamy enchanted,garden.
Bundle,1640000,minimalist high contrast crimson Premium digital design asset bundle artwork collection: Bundle 164 minimalist high contrast,crimson.
Bundle,1360000,decadent underground lair Premium digital design asset bundle artwork collection: Bundle 136 decadent underground,lair.
Bundle,490000,crimson masquerade Premium digital design asset bundle artwork collection: Bundle 49 crimson,masquerade.
Bundle,860000,erotic rooftop lounge Premium digital design asset bundle artwork collection: Bundle 86 erotic rooftop,lounge.
Bundle,2040000,dystopian cyberpunk noir Premium digital design asset bundle artwork collection: Bundle 204 dystopian cyberpunk,noir.
Bundle,280000,vaporwave synthwave fetish Premium digital design asset bundle artwork collection: Bundle 28 vaporwave synthwave,fetish.
Bundle,1890000,crimson masquerade Premium digital design asset bundle artwork collection: Bundle 189 crimson,masquerade.
Bundle,1660000,dreamy enchanted garden Premium digital design asset bundle artwork collection: Bundle 166 dreamy enchanted,garden.
Bundle,570000,sensual waterfall retreat Premium digital design asset bundle artwork collection: Bundle 57 sensual waterfall,retreat.
Bundle,1110000,dreamy enchanted garden Premium digital design asset bundle artwork collection: Bundle 111 dreamy enchanted,garden.
Bundle,960000,grimdark elden fantasy Premium digital design asset bundle artwork collection: Bundle 96 grimdark elden,fantasy.
Bundle,630000,dark alley romance Premium digital design asset bundle artwork collection: Bundle 63 dark alley,romance.
Bundle,880000,industrial lust Premium digital design asset bundle artwork collection: Bundle 88 industrial,lust.
Bundle,1090000,minimalist high contrast crimson Premium digital design asset bundle artwork collection: Bundle 109 minimalist high contrast,crimson.
Bundle,60000,industrial metal and lace Premium digital design asset bundle artwork collection: Bundle 6 industrial metal and,lace.
Bundle,890000,grimy streetwear alternative Premium digital design asset bundle artwork collection: Bundle 89 grimy streetwear,alternative.
Bundle,270000,vaporwave synthwave fetish Premium digital design asset bundle artwork collection: Bundle 27 vaporwave synthwave,fetish.
Bundle,1560000,vaporwave synthwave fetish Premium digital design asset bundle artwork collection: Bundle 156 vaporwave synthwave,fetish.
Bundle,780000,erotic rooftop lounge Premium digital design asset bundle artwork collection: Bundle 78 erotic rooftop,lounge.
Bundle,590000,dark luxury red and matte black Premium digital design asset bundle artwork collection: Bundle 59 dark luxury red and matte,black.
Bundle,1620000,midnight garden soiree Premium digital design asset bundle artwork collection: Bundle 162 midnight garden,soiree.
Bundle,430000,midnight masquerade Premium digital design asset bundle artwork collection: Bundle 43 midnight,masquerade.
Bundle,470000,dark luxury red and matte black Premium digital design asset bundle artwork collection: Bundle 47 dark luxury red and matte,black.
Bundle,1900000,glitchcore cyber web vector Premium digital design asset bundle artwork collection: Bundle 190 glitchcore cyber web,vector.
Bundle,1610000,minimalist high contrast crimson Premium digital design asset bundle artwork collection: Bundle 161 minimalist high contrast,crimson.
Bundle,40000,crimson cyberpunk fetish Premium digital design asset bundle artwork collection: Bundle 4 crimson cyberpunk,fetish.
Bundle,260000,neon alternative gothic Premium digital design asset bundle artwork collection: Bundle 26 neon alternative,gothic.
Bundle,280000,electric pocket monster mech Premium digital design asset bundle artwork collection: Bundle 28 electric pocket monster,mech.
Bundle,400000,gothic luxury velvet Premium digital design asset bundle artwork collection: Bundle 40 gothic luxury,velvet.
Bundle,270000,neon alternative gothic Premium digital design asset bundle artwork collection: Bundle 27 neon alternative,gothic.
Bundle,2540000,crimson catacombs Premium digital design asset bundle artwork collection: Bundle 254 crimson,catacombs.
Bundle,520000,crimson cyberpunk fetish Premium digital design asset bundle artwork collection: Bundle 52 crimson cyberpunk,fetish.
Bundle,970000,crimson cyberpunk fetish Premium digital design asset bundle artwork collection: Bundle 97 crimson cyberpunk,fetish.
Bundle,390000,minimalist high contrast crimson Premium digital design asset bundle artwork collection: Bundle 39 minimalist high contrast,crimson.
Bundle,620000,psychedelic dark psy tech Premium digital design asset bundle artwork collection: Bundle 62 psychedelic dark psy,tech.
Bundle,720000,vaporwave synthwave fetish Premium digital design asset bundle artwork collection: Bundle 72 vaporwave synthwave,fetish.
Bundle,300000,industrial metal and lace Premium digital design asset bundle artwork collection: Bundle 30 industrial metal and,lace.
Bundle,480000,neon alternative gothic Premium digital design asset bundle artwork collection: Bundle 48 neon alternative,gothic.
Bundle,870000,grimy streetwear alternative Premium digital design asset bundle artwork collection: Bundle 87 grimy streetwear,alternative.
Bundle,380000,glittering cabaret Premium digital design asset bundle artwork collection: Bundle 38 glittering,cabaret.
Bundle,640000,decadent underground lair Premium digital design asset bundle artwork collection: Bundle 64 decadent underground,lair.
Bundle,920000,crimson catacombs Premium digital design asset bundle artwork collection: Bundle 92 crimson,catacombs.
Bundle,2210000,electric pocket monster mech Premium digital design asset bundle artwork collection: Bundle 221 electric pocket monster,mech.
Bundle,2150000,erotic rooftop lounge Premium digital design asset bundle artwork collection: Bundle 215 erotic rooftop,lounge.
Bundle,690000,midnight garden soiree Premium digital design asset bundle artwork collection: Bundle 69 midnight garden,soiree.
Bundle,2090000,crimson masquerade Premium digital design asset bundle artwork collection: Bundle 209 crimson,masquerade.
Bundle,820000,crimson catacombs Premium digital design asset bundle artwork collection: Bundle 82 crimson,catacombs.
Bundle,640000,aesthetic lofi chill pixel Premium digital design asset bundle artwork collection: Bundle 64 aesthetic lofi chill,pixel.
Bundle,1850000,psychedelic dark psy tech Premium digital design asset bundle artwork collection: Bundle 185 psychedelic dark psy,tech.
Bundle,1190000,mecha industrial sci fi Premium digital design asset bundle artwork collection: Bundle 119 mecha industrial sci,fi.
Bundle,320000,gothic luxury velvet Premium digital design asset bundle artwork collection: Bundle 32 gothic luxury,velvet.
Bundle,10000,vaporwave synthwave fetish Premium digital design asset bundle artwork collection: Bundle 1 vaporwave synthwave,fetish.
Bundle,1720000,erotic rooftop lounge Premium digital design asset bundle artwork collection: Bundle 172 erotic rooftop,lounge.
Bundle,1170000,midnight garden soiree Premium digital design asset bundle artwork collection: Bundle 117 midnight garden,soiree.
Bundle,490000,industrial metal and lace Premium digital design asset bundle artwork collection: Bundle 49 industrial metal and,lace.
Bundle,740000,dystopian cyberpunk noir Premium digital design asset bundle artwork collection: Bundle 74 dystopian cyberpunk,noir.
Bundle,1710000,midnight garden escape room Premium digital design asset bundle artwork collection: Bundle 171 midnight garden escape,room.
Bundle,850000,crimson cyberpunk fetish Premium digital design asset bundle artwork collection: Bundle 85 crimson cyberpunk,fetish.
Bundle,10000,industrial metal and lace Premium digital design asset bundle artwork collection: Bundle 1 industrial metal and,lace.
Bundle,2060000,grimdark elden fantasy Premium digital design asset bundle artwork collection: Bundle 206 grimdark elden,fantasy.
Bundle,950000,dark luxury red and matte black Premium digital design asset bundle artwork collection: Bundle 95 dark luxury red and matte,black.
Bundle,650000,grimy streetwear alternative Premium digital design asset bundle artwork collection: Bundle 65 grimy streetwear,alternative.
Bundle,720000,crimson catacombs Premium digital design asset bundle artwork collection: Bundle 72 crimson,catacombs.
Bundle,1320000,dreamy enchanted garden Premium digital design asset bundle artwork collection: Bundle 132 dreamy enchanted,garden.
Bundle,650000,fetish fantasy Premium digital design asset bundle artwork collection: Bundle 65 fetish,fantasy.
Bundle,50000,crimson cyberpunk fetish Premium digital design asset bundle artwork collection: Bundle 5 crimson cyberpunk,fetish.
Bundle,590000,industrial metal and lace Premium digital design asset bundle artwork collection: Bundle 59 industrial metal and,lace.
Bundle,330000,midnight masquerade Premium digital design asset bundle artwork collection: Bundle 33 midnight,masquerade.
Bundle,840000,industrial lust Premium digital design asset bundle artwork collection: Bundle 84 industrial,lust.
Bundle,280000,elegant masquerade affair Premium digital design asset bundle artwork collection: Bundle 28 elegant masquerade,affair.
Bundle,2510000,crimson masquerade Premium digital design asset bundle artwork collection: Bundle 251 crimson,masquerade.
Bundle,160000,industrial metal and lace Premium digital design asset bundle artwork collection: Bundle 16 industrial metal and,lace.
Bundle,290000,dystopian cyberpunk noir Premium digital design asset bundle artwork collection: Bundle 29 dystopian cyberpunk,noir.
Bundle,1210000,dreamy enchanted garden Premium digital design asset bundle artwork collection: Bundle 121 dreamy enchanted,garden.
Bundle,1220000,erotic rooftop lounge Premium digital design asset bundle artwork collection: Bundle 122 erotic rooftop,lounge.
Bundle,1640000,glittering cabaret Premium digital design asset bundle artwork collection: Bundle 164 glittering,cabaret.
Bundle,680000,crimson catacombs Premium digital design asset bundle artwork collection: Bundle 68 crimson,catacombs.
Bundle,930000,dark luxury red and matte black Premium digital design asset bundle artwork collection: Bundle 93 dark luxury red and matte,black.
Bundle,370000,grimdark elden fantasy Premium digital design asset bundle artwork collection: Bundle 37 grimdark elden,fantasy.
Bundle,520000,glittering cabaret Premium digital design asset bundle artwork collection: Bundle 52 glittering,cabaret.
Bundle,290000,dark luxury red and matte black Premium digital design asset bundle artwork collection: Bundle 29 dark luxury red and matte,black.
Bundle,370000,crimson masquerade Premium digital design asset bundle artwork collection: Bundle 37 crimson,masquerade.
Bundle,1490000,electric pocket monster mech Premium digital design asset bundle artwork collection: Bundle 149 electric pocket monster,mech.
Bundle,1000000,midnight garden escape room Premium digital design asset bundle artwork collection: Bundle 100 midnight garden escape,room.
Bundle,1940000,aesthetic lofi chill pixel Premium digital design asset bundle artwork collection: Bundle 194 aesthetic lofi chill,pixel.
Bundle,900000,industrial lust Premium digital design asset bundle artwork collection: Bundle 90 industrial,lust.
Bundle,1790000,y2k acid glitch vector Premium digital design asset bundle artwork collection: Bundle 179 y2k acid glitch,vector.
Bundle,400000,dark luxury red and matte black Premium digital design asset bundle artwork collection: Bundle 40 dark luxury red and matte,black.
Bundle,1140000,dystopian cyberpunk noir Premium digital design asset bundle artwork collection: Bundle 114 dystopian cyberpunk,noir.
Bundle,480000,crimson catacombs Premium digital design asset bundle artwork collection: Bundle 48 crimson,catacombs.
Bundle,440000,gothic luxury velvet Premium digital design asset bundle artwork collection: Bundle 44 gothic luxury,velvet.
Bundle,830000,dark luxury red and matte black Premium digital design asset bundle artwork collection: Bundle 83 dark luxury red and matte,black.
Bundle,2100000,midnight garden escape room Premium digital design asset bundle artwork collection: Bundle 210 midnight garden escape,room.
Bundle,500000,industrial metal and lace Premium digital design asset bundle artwork collection: Bundle 50 industrial metal and,lace.
Bundle,2150000,electric pocket monster mech Premium digital design asset bundle artwork collection: Bundle 215 electric pocket monster,mech.
Bundle,600000,industrial metal and lace Premium digital design asset bundle artwork collection: Bundle 60 industrial metal and,lace.
Bundle,1410000,glittering cabaret Premium digital design asset bundle artwork collection: Bundle 141 glittering,cabaret.
Bundle,860000,dreamy enchanted garden Premium digital design asset bundle artwork collection: Bundle 86 dreamy enchanted,garden.
Bundle,1320000,industrial metal and lace Premium digital design asset bundle artwork collection: Bundle 132 industrial metal and,lace.
Bundle,420000,minimalist high contrast crimson Premium digital design asset bundle artwork collection: Bundle 42 minimalist high contrast,crimson.
Bundle,2370000,midnight garden escape room Premium digital design asset bundle artwork collection: Bundle 237 midnight garden escape,room.
Bundle,1390000,psychedelic dark psy tech Premium digital design asset bundle artwork collection: Bundle 139 psychedelic dark psy,tech.
Bundle,720000,gothic luxury velvet Premium digital design asset bundle artwork collection: Bundle 72 gothic luxury,velvet.
Bundle,380000,vaporwave synthwave fetish Premium digital design asset bundle artwork collection: Bundle 38 vaporwave synthwave,fetish.
Bundle,790000,dark alley romance Premium digital design asset bundle artwork collection: Bundle 79 dark alley,romance.
Bundle,1590000,grimdark elden fantasy Premium digital design asset bundle artwork collection: Bundle 159 grimdark elden,fantasy.
Bundle,1970000,industrial metal and lace Premium digital design asset bundle artwork collection: Bundle 197 industrial metal and,lace.
Bundle,970000,dark alley romance Premium digital design asset bundle artwork collection: Bundle 97 dark alley,romance.
Bundle,440000,dark luxury red and matte black Premium digital design asset bundle artwork collection: Bundle 44 dark luxury red and matte,black.
Bundle,560000,dystopian cyberpunk noir Premium digital design asset bundle artwork collection: Bundle 56 dystopian cyberpunk,noir.
Bundle,550000,decadent underground lair Premium digital design asset bundle artwork collection: Bundle 55 decadent underground,lair.
Bundle,560000,decadent underground lair Premium digital design asset bundle artwork collection: Bundle 56 decadent underground,lair.
Bundle,1000000,minimalist high contrast crimson Premium digital design asset bundle artwork collection: Bundle 100 minimalist high contrast,crimson.
Bundle,1270000,minimalist high contrast crimson Premium digital design asset bundle artwork collection: Bundle 127 minimalist high contrast,crimson.
Bundle,2350000,grimy streetwear alternative Premium digital design asset bundle artwork collection: Bundle 235 grimy streetwear,alternative.
Bundle,350000,fetish fantasy Premium digital design asset bundle artwork collection: Bundle 35 fetish,fantasy.
Bundle,1080000,glittering cabaret Premium digital design asset bundle artwork collection: Bundle 108 glittering,cabaret.
Bundle,1590000,industrial lust Premium digital design asset bundle artwork collection: Bundle 159 industrial,lust.
Bundle,1620000,psychedelic dark psy tech Premium digital design asset bundle artwork collection: Bundle 162 psychedelic dark psy,tech.
Bundle,1200000,crimson catacombs Premium digital design asset bundle artwork collection: Bundle 120 crimson,catacombs.
Bundle,2210000,steamy beach getaway Premium digital design asset bundle artwork collection: Bundle 221 steamy beach,getaway.
Bundle,90000,dark luxury red and matte black Premium digital design asset bundle artwork collection: Bundle 9 dark luxury red and matte,black.
Bundle,840000,grimy streetwear alternative Premium digital design asset bundle artwork collection: Bundle 84 grimy streetwear,alternative.
Bundle,2020000,crimson cyberpunk fetish Premium digital design asset bundle artwork collection: Bundle 202 crimson cyberpunk,fetish.
Bundle,2320000,elegant masquerade affair Premium digital design asset bundle artwork collection: Bundle 232 elegant masquerade,affair.
Bundle,440000,industrial metal and lace Premium digital design asset bundle artwork collection: Bundle 44 industrial metal and,lace.
Bundle,2310000,grimdark elden fantasy Premium digital design asset bundle artwork collection: Bundle 231 grimdark elden,fantasy.
Bundle,640000,minimalist high contrast crimson Premium digital design asset bundle artwork collection: Bundle 64 minimalist high contrast,crimson.
Bundle,2220000,psychedelic dark psy tech Premium digital design asset bundle artwork collection: Bundle 222 psychedelic dark psy,tech.
Bundle,670000,decadent underground lair Premium digital design asset bundle artwork collection: Bundle 67 decadent underground,lair.
Bundle,820000,elegant masquerade affair Premium digital design asset bundle artwork collection: Bundle 82 elegant masquerade,affair.
Bundle,990000,neon alternative gothic Premium digital design asset bundle artwork collection: Bundle 99 neon alternative,gothic.
Bundle,1980000,midnight garden soiree Premium digital design asset bundle artwork collection: Bundle 198 midnight garden,soiree.
Bundle,270000,industrial metal and lace Premium digital design asset bundle artwork collection: Bundle 27 industrial metal and,lace.
Bundle,360000,neon alternative gothic Premium digital design asset bundle artwork collection: Bundle 36 neon alternative,gothic.
Bundle,1700000,glittering cabaret Premium digital design asset bundle artwork collection: Bundle 170 glittering,cabaret.
Bundle,810000,midnight masquerade Premium digital design asset bundle artwork collection: Bundle 81 midnight,masquerade.
Bundle,2040000,midnight garden escape room Premium digital design asset bundle artwork collection: Bundle 204 midnight garden escape,room.
Bundle,1030000,dreamy enchanted garden Premium digital design asset bundle artwork collection: Bundle 103 dreamy enchanted,garden.
Bundle,1750000,crimson cyberpunk fetish Premium digital design asset bundle artwork collection: Bundle 175 crimson cyberpunk,fetish.
Bundle,10000,minimalist high contrast crimson Premium digital design asset bundle artwork collection: Bundle 1 minimalist high contrast,crimson.
Bundle,1240000,crimson cyberpunk fetish Premium digital design asset bundle artwork collection: Bundle 124 crimson cyberpunk,fetish.
Bundle,720000,mecha industrial sci fi Premium digital design asset bundle artwork collection: Bundle 72 mecha industrial sci,fi.
Bundle,510000,erotic rooftop lounge Premium digital design asset bundle artwork collection: Bundle 51 erotic rooftop,lounge.
Bundle,2000000,decadent underground lair Premium digital design asset bundle artwork collection: Bundle 200 decadent underground,lair.
Bundle,1060000,midnight garden soiree Premium digital design asset bundle artwork collection: Bundle 106 midnight garden,soiree.
Bundle,290000,gothic luxury velvet Premium digital design asset bundle artwork collection: Bundle 29 gothic luxury,velvet.
Bundle,820000,minimalist high contrast crimson Premium digital design asset bundle artwork collection: Bundle 82 minimalist high contrast,crimson.
Bundle,10000,dystopian cyberpunk noir Premium digital design asset bundle artwork collection: Bundle 1 dystopian cyberpunk,noir.
Bundle,2170000,crimson cyberpunk fetish Premium digital design asset bundle artwork collection: Bundle 217 crimson cyberpunk,fetish.
Bundle,880000,glittering cabaret Premium digital design asset bundle artwork collection: Bundle 88 glittering,cabaret.
Bundle,1070000,midnight garden soiree Premium digital design asset bundle artwork collection: Bundle 107 midnight garden,soiree.
Bundle,1400000,glitchcore cyber web vector Premium digital design asset bundle artwork collection: Bundle 140 glitchcore cyber web,vector.
Bundle,450000,dark luxury red and matte black Premium digital design asset bundle artwork collection: Bundle 45 dark luxury red and matte,black.
Bundle,2570000,erotic rooftop lounge Premium digital design asset bundle artwork collection: Bundle 257 erotic rooftop,lounge.
Bundle,440000,midnight masquerade Premium digital design asset bundle artwork collection: Bundle 44 midnight,masquerade.
Bundle,580000,industrial metal and lace Premium digital design asset bundle artwork collection: Bundle 58 industrial metal and,lace.
Bundle,290000,electric pocket monster mech Premium digital design asset bundle artwork collection: Bundle 29 electric pocket monster,mech.
Bundle,1870000,minimalist high contrast crimson Premium digital design asset bundle artwork collection: Bundle 187 minimalist high contrast,crimson.
Bundle,420000,dark alley romance Premium digital design asset bundle artwork collection: Bundle 42 dark alley,romance.
Bundle,580000,erotic rooftop lounge Premium digital design asset bundle artwork collection: Bundle 58 erotic rooftop,lounge.
Bundle,870000,psychedelic dark psy tech Premium digital design asset bundle artwork collection: Bundle 87 psychedelic dark psy,tech.
Bundle,340000,vaporwave synthwave fetish Premium digital design asset bundle artwork collection: Bundle 34 vaporwave synthwave,fetish.
Bundle,830000,psychedelic dark psy tech Premium digital design asset bundle artwork collection: Bundle 83 psychedelic dark psy,tech.
Bundle,930000,glittering cabaret Premium digital design asset bundle artwork collection: Bundle 93 glittering,cabaret.
Bundle,2240000,erotic rooftop lounge Premium digital design asset bundle artwork collection: Bundle 224 erotic rooftop,lounge.
Bundle,460000,decadent underground lair Premium digital design asset bundle artwork collection: Bundle 46 decadent underground,lair.
Bundle,1720000,industrial metal and lace Premium digital design asset bundle artwork collection: Bundle 172 industrial metal and,lace.
Bundle,1840000,grimy streetwear alternative Premium digital design asset bundle artwork collection: Bundle 184 grimy streetwear,alternative.
Bundle,510000,dark luxury red and matte black Premium digital design asset bundle artwork collection: Bundle 51 dark luxury red and matte,black.
Bundle,630000,elegant masquerade affair Premium digital design asset bundle artwork collection: Bundle 63 elegant masquerade,affair.
Bundle,420000,dystopian cyberpunk noir Premium digital design asset bundle artwork collection: Bundle 42 dystopian cyberpunk,noir.
Bundle,540000,gothic luxury velvet Premium digital design asset bundle artwork collection: Bundle 54 gothic luxury,velvet.
Bundle,1920000,crimson cyberpunk fetish Premium digital design asset bundle artwork collection: Bundle 192 crimson cyberpunk,fetish.
Bundle,1820000,industrial metal and lace Premium digital design asset bundle artwork collection: Bundle 182 industrial metal and,lace.
Bundle,1500000,fetish fantasy Premium digital design asset bundle artwork collection: Bundle 150 fetish,fantasy.
Bundle,630000,grimy streetwear alternative Premium digital design asset bundle artwork collection: Bundle 63 grimy streetwear,alternative.
Bundle,1160000,neon alternative gothic Premium digital design asset bundle artwork collection: Bundle 116 neon alternative,gothic.
Bundle,10000,crimson cyberpunk fetish Premium digital design asset bundle artwork collection: Bundle 1 crimson cyberpunk,fetish.
Bundle,650000,crimson cyberpunk fetish Premium digital design asset bundle artwork collection: Bundle 65 crimson cyberpunk,fetish.
Bundle,420000,dark luxury red and matte black Premium digital design asset bundle artwork collection: Bundle 42 dark luxury red and matte,black.
Bundle,410000,elegant masquerade affair Premium digital design asset bundle artwork collection: Bundle 41 elegant masquerade,affair.
Bundle,580000,gothic luxury velvet Premium digital design asset bundle artwork collection: Bundle 58 gothic luxury,velvet.
Bundle,290000,sensual waterfall retreat Premium digital design asset bundle artwork collection: Bundle 29 sensual waterfall,retreat.
Bundle,1970000,midnight masquerade Premium digital design asset bundle artwork collection: Bundle 197 midnight,masquerade.
Bundle,430000,crimson cyberpunk fetish Premium digital design asset bundle artwork collection: Bundle 43 crimson cyberpunk,fetish.
Bundle,1910000,decadent underground lair Premium digital design asset bundle artwork collection: Bundle 191 decadent underground,lair.
Bundle,2270000,grimdark elden fantasy Premium digital design asset bundle artwork collection: Bundle 227 grimdark elden,fantasy.
Bundle,810000,crimson cyberpunk fetish Premium digital design asset bundle artwork collection: Bundle 81 crimson cyberpunk,fetish.
Bundle,350000,vaporwave synthwave fetish Premium digital design asset bundle artwork collection: Bundle 35 vaporwave synthwave,fetish.
Bundle,510000,neon alternative gothic Premium digital design asset bundle artwork collection: Bundle 51 neon alternative,gothic.
Bundle,1370000,neon alternative gothic Premium digital design asset bundle artwork collection: Bundle 137 neon alternative,gothic.
Bundle,1710000,glitchcore cyber web vector Premium digital design asset bundle artwork collection: Bundle 171 glitchcore cyber web,vector.
Bundle,1260000,decadent underground lair Premium digital design asset bundle artwork collection: Bundle 126 decadent underground,lair.
Bundle,300000,erotic rooftop lounge Premium digital design asset bundle artwork collection: Bundle 30 erotic rooftop,lounge.
Bundle,2190000,industrial metal and lace Premium digital design asset bundle artwork collection: Bundle 219 industrial metal and,lace.
Bundle,1430000,y2k acid glitch vector Premium digital design asset bundle artwork collection: Bundle 143 y2k acid glitch,vector.
Bundle,330000,dystopian cyberpunk noir Premium digital design asset bundle artwork collection: Bundle 33 dystopian cyberpunk,noir.
Bundle,730000,decadent underground lair Premium digital design asset bundle artwork collection: Bundle 73 decadent underground,lair.
Bundle,490000,dreamy enchanted garden Premium digital design asset bundle artwork collection: Bundle 49 dreamy enchanted,garden.
Bundle,1960000,grimdark elden fantasy Premium digital design asset bundle artwork collection: Bundle 196 grimdark elden,fantasy.
Bundle,2380000,steamy beach getaway Premium digital design asset bundle artwork collection: Bundle 238 steamy beach,getaway.
Bundle,470000,y2k acid glitch vector Premium digital design asset bundle artwork collection: Bundle 47 y2k acid glitch,vector.
Bundle,740000,electric pocket monster mech Premium digital design asset bundle artwork collection: Bundle 74 electric pocket monster,mech.
Bundle,280000,y2k acid glitch vector Premium digital design asset bundle artwork collection: Bundle 28 y2k acid glitch,vector.
Bundle,470000,erotic rooftop lounge Premium digital design asset bundle artwork collection: Bundle 47 erotic rooftop,lounge.
Bundle,1910000,crimson cyberpunk fetish Premium digital design asset bundle artwork collection: Bundle 191 crimson cyberpunk,fetish.
Bundle,640000,grimy streetwear alternative Premium digital design asset bundle artwork collection: Bundle 64 grimy streetwear,alternative.
Bundle,1070000,vaporwave synthwave fetish Premium digital design asset bundle artwork collection: Bundle 107 vaporwave synthwave,fetish.
Bundle,1860000,crimson masquerade Premium digital design asset bundle artwork collection: Bundle 186 crimson,masquerade.
Bundle,1450000,gothic luxury velvet Premium digital design asset bundle artwork collection: Bundle 145 gothic luxury,velvet.
Bundle,430000,neon alternative gothic Premium digital design asset bundle artwork collection: Bundle 43 neon alternative,gothic.
Bundle,1960000,dark alley romance Premium digital design asset bundle artwork collection: Bundle 196 dark alley,romance.
Bundle,540000,midnight masquerade Premium digital design asset bundle artwork collection: Bundle 54 midnight,masquerade.
Bundle,1600000,erotic rooftop lounge Premium digital design asset bundle artwork collection: Bundle 160 erotic rooftop,lounge.
Bundle,2360000,fetish fantasy Premium digital design asset bundle artwork collection: Bundle 236 fetish,fantasy.
Bundle,350000,gothic luxury velvet Premium digital design asset bundle artwork collection: Bundle 35 gothic luxury,velvet.
Bundle,480000,gothic luxury velvet Premium digital design asset bundle artwork collection: Bundle 48 gothic luxury,velvet.
Bundle,320000,dark luxury red and matte black Premium digital design asset bundle artwork collection: Bundle 32 dark luxury red and matte,black.
Bundle,1020000,crimson masquerade Premium digital design asset bundle artwork collection: Bundle 102 crimson,masquerade.
Bundle,1450000,fetish fantasy Premium digital design asset bundle artwork collection: Bundle 145 fetish,fantasy.
Bundle,500000,crimson cyberpunk fetish Premium digital design asset bundle artwork collection: Bundle 50 crimson cyberpunk,fetish.
Bundle,980000,sensual waterfall retreat Premium digital design asset bundle artwork collection: Bundle 98 sensual waterfall,retreat.
Bundle,610000,crimson catacombs Premium digital design asset bundle artwork collection: Bundle 61 crimson,catacombs.
Bundle,1920000,midnight garden soiree Premium digital design asset bundle artwork collection: Bundle 192 midnight garden,soiree.
Bundle,790000,crimson masquerade Premium digital design asset bundle artwork collection: Bundle 79 crimson,masquerade.
Bundle,2090000,grimy streetwear alternative Premium digital design asset bundle artwork collection: Bundle 209 grimy streetwear,alternative.
Bundle,30000,minimalist high contrast crimson Premium digital design asset bundle artwork collection: Bundle 3 minimalist high contrast,crimson.
Bundle,1430000,crimson catacombs Premium digital design asset bundle artwork collection: Bundle 143 crimson,catacombs.
Bundle,2170000,sensual waterfall retreat Premium digital design asset bundle artwork collection: Bundle 217 sensual waterfall,retreat.
Bundle,1980000,glitchcore cyber web vector Premium digital design asset bundle artwork collection: Bundle 198 glitchcore cyber web,vector.
Bundle,1530000,decadent underground lair Premium digital design asset bundle artwork collection: Bundle 153 decadent underground,lair.
Bundle,1350000,psychedelic dark psy tech Premium digital design asset bundle artwork collection: Bundle 135 psychedelic dark psy,tech.
Bundle,2130000,decadent underground lair Premium digital design asset bundle artwork collection: Bundle 213 decadent underground,lair.
Bundle,1180000,dystopian cyberpunk noir Premium digital design asset bundle artwork collection: Bundle 118 dystopian cyberpunk,noir.
Bundle,390000,grimy streetwear alternative Premium digital design asset bundle artwork collection: Bundle 39 grimy streetwear,alternative.
Bundle,760000,crimson cyberpunk fetish Premium digital design asset bundle artwork collection: Bundle 76 crimson cyberpunk,fetish.
Bundle,1740000,dark luxury red and matte black Premium digital design asset bundle artwork collection: Bundle 174 dark luxury red and matte,black.
Bundle,140000,grimy streetwear alternative Premium digital design asset bundle artwork collection: Bundle 14 grimy streetwear,alternative.
Bundle,280000,gothic luxury velvet Premium digital design asset bundle artwork collection: Bundle 28 gothic luxury,velvet.
Bundle,1850000,sensual waterfall retreat Premium digital design asset bundle artwork collection: Bundle 185 sensual waterfall,retreat.
Bundle,1200000,glitchcore cyber web vector Premium digital design asset bundle artwork collection: Bundle 120 glitchcore cyber web,vector.
Bundle,1890000,gothic luxury velvet Premium digital design asset bundle artwork collection: Bundle 189 gothic luxury,velvet.
Bundle,750000,dystopian cyberpunk noir Premium digital design asset bundle artwork collection: Bundle 75 dystopian cyberpunk,noir.
Bundle,340000,dystopian cyberpunk noir Premium digital design asset bundle artwork collection: Bundle 34 dystopian cyberpunk,noir.
Bundle,190000,dystopian cyberpunk noir Premium digital design asset bundle artwork collection: Bundle 19 dystopian cyberpunk,noir.
Bundle,1660000,grimy streetwear alternative Premium digital design asset bundle artwork collection: Bundle 166 grimy streetwear,alternative.
Bundle,520000,crimson catacombs Premium digital design asset bundle artwork collection: Bundle 52 crimson,catacombs.
Bundle,2100000,neon alternative gothic Premium digital design asset bundle artwork collection: Bundle 210 neon alternative,gothic.
Bundle,880000,minimalist high contrast crimson Premium digital design asset bundle artwork collection: Bundle 88 minimalist high contrast,crimson.
Bundle,2530000,fetish fantasy Premium digital design asset bundle artwork collection: Bundle 253 fetish,fantasy.
Bundle,2260000,midnight garden soiree Premium digital design asset bundle artwork collection: Bundle 226 midnight garden,soiree.
Bundle,1350000,midnight masquerade Premium digital design asset bundle artwork collection: Bundle 135 midnight,masquerade.
Bundle,1600000,industrial metal and lace Premium digital design asset bundle artwork collection: Bundle 160 industrial metal and,lace.
Bundle,590000,industrial lust Premium digital design asset bundle artwork collection: Bundle 59 industrial,lust.
Bundle,460000,industrial metal and lace Premium digital design asset bundle artwork collection: Bundle 46 industrial metal and,lace.
Bundle,290000,crimson cyberpunk fetish Premium digital design asset bundle artwork collection: Bundle 29 crimson cyberpunk,fetish.
Bundle,1120000,minimalist high contrast crimson Premium digital design asset bundle artwork collection: Bundle 112 minimalist high contrast,crimson.
Bundle,900000,dystopian cyberpunk noir Premium digital design asset bundle artwork collection: Bundle 90 dystopian cyberpunk,noir.
Bundle,660000,mecha industrial sci fi Premium digital design asset bundle artwork collection: Bundle 66 mecha industrial sci,fi.
Bundle,1010000,gothic luxury velvet Premium digital design asset bundle artwork collection: Bundle 101 gothic luxury,velvet.
Bundle,760000,dystopian cyberpunk noir Premium digital design asset bundle artwork collection: Bundle 76 dystopian cyberpunk,noir.
Bundle,790000,crimson cyberpunk fetish Premium digital design asset bundle artwork collection: Bundle 79 crimson cyberpunk,fetish.
Bundle,2230000,glittering cabaret Premium digital design asset bundle artwork collection: Bundle 223 glittering,cabaret.
Bundle,1290000,grimy streetwear alternative Premium digital design asset bundle artwork collection: Bundle 129 grimy streetwear,alternative.
Bundle,1690000,steamy beach getaway Premium digital design asset bundle artwork collection: Bundle 169 steamy beach,getaway.
Bundle,300000,grimy streetwear alternative Premium digital design asset bundle artwork collection: Bundle 30 grimy streetwear,alternative.
Bundle,860000,gothic luxury velvet Premium digital design asset bundle artwork collection: Bundle 86 gothic luxury,velvet.
Bundle,2140000,aesthetic lofi chill pixel Premium digital design asset bundle artwork collection: Bundle 214 aesthetic lofi chill,pixel.
Bundle,2120000,phonk drift jdm streetwear Premium digital design asset bundle artwork collection: Bundle 212 phonk drift jdm,streetwear.
Bundle,390000,gothic luxury velvet Premium digital design asset bundle artwork collection: Bundle 39 gothic luxury,velvet.
Bundle,690000,dreamy enchanted garden Premium digital design asset bundle artwork collection: Bundle 69 dreamy enchanted,garden.
Bundle,1410000,y2k acid glitch vector Premium digital design asset bundle artwork collection: Bundle 141 y2k acid glitch,vector.
Bundle,1310000,grimdark elden fantasy Premium digital design asset bundle artwork collection: Bundle 131 grimdark elden,fantasy.
Bundle,1270000,midnight masquerade Premium digital design asset bundle artwork collection: Bundle 127 midnight,masquerade.
Bundle,1390000,fetish fantasy Premium digital design asset bundle artwork collection: Bundle 139 fetish,fantasy.
Bundle,100000,dark luxury red and matte black Premium digital design asset bundle artwork collection: Bundle 10 dark luxury red and matte,black.
Bundle,10000,gothic luxury velvet Premium digital design asset bundle artwork collection: Bundle 1 gothic luxury,velvet.
Bundle,1250000,grimdark elden fantasy Premium digital design asset bundle artwork collection: Bundle 125 grimdark elden,fantasy.
Bundle,350000,dark alley romance Premium digital design asset bundle artwork collection: Bundle 35 dark alley,romance.
Bundle,700000,vaporwave synthwave fetish Premium digital design asset bundle artwork collection: Bundle 70 vaporwave synthwave,fetish.
Bundle,2010000,dark luxury red and matte black Premium digital design asset bundle artwork collection: Bundle 201 dark luxury red and matte,black.
Bundle,610000,midnight masquerade Premium digital design asset bundle artwork collection: Bundle 61 midnight,masquerade.
Bundle,1020000,minimalist high contrast crimson Premium digital design asset bundle artwork collection: Bundle 102 minimalist high contrast,crimson.
Bundle,1110000,mecha industrial sci fi Premium digital design asset bundle artwork collection: Bundle 111 mecha industrial sci,fi.
Bundle,300000,dark luxury red and matte black Premium digital design asset bundle artwork collection: Bundle 30 dark luxury red and matte,black.
Bundle,2550000,midnight garden escape room Premium digital design asset bundle artwork collection: Bundle 255 midnight garden escape,room.
Bundle,1310000,glittering cabaret Premium digital design asset bundle artwork collection: Bundle 131 glittering,cabaret.
Bundle,2000000,y2k acid glitch vector Premium digital design asset bundle artwork collection: Bundle 200 y2k acid glitch,vector.
Bundle,2520000,fetish fantasy Premium digital design asset bundle artwork collection: Bundle 252 fetish,fantasy.
Bundle,830000,crimson catacombs Premium digital design asset bundle artwork collection: Bundle 83 crimson,catacombs.
Bundle,1000000,dark luxury red and matte black Premium digital design asset bundle artwork collection: Bundle 100 dark luxury red and matte,black.
Bundle,1800000,industrial metal and lace Premium digital design asset bundle artwork collection: Bundle 180 industrial metal and,lace.
Bundle,820000,gothic luxury velvet Premium digital design asset bundle artwork collection: Bundle 82 gothic luxury,velvet.
Bundle,1090000,phonk drift jdm streetwear Premium digital design asset bundle artwork collection: Bundle 109 phonk drift jdm,streetwear.
Bundle,960000,erotic rooftop lounge Premium digital design asset bundle artwork collection: Bundle 96 erotic rooftop,lounge.
Bundle,500000,midnight garden soiree Premium digital design asset bundle artwork collection: Bundle 50 midnight garden,soiree.
Bundle,2410000,erotic rooftop lounge Premium digital design asset bundle artwork collection: Bundle 241 erotic rooftop,lounge.
Bundle,1100000,minimalist high contrast crimson Premium digital design asset bundle artwork collection: Bundle 110 minimalist high contrast,crimson.
Bundle,460000,crimson catacombs Premium digital design asset bundle artwork collection: Bundle 46 crimson,catacombs.
Bundle,670000,aesthetic lofi chill pixel Premium digital design asset bundle artwork collection: Bundle 67 aesthetic lofi chill,pixel.
Bundle,360000,industrial metal and lace Premium digital design asset bundle artwork collection: Bundle 36 industrial metal and,lace.
Bundle,70000,dystopian cyberpunk noir Premium digital design asset bundle artwork collection: Bundle 7 dystopian cyberpunk,noir.
Bundle,870000,midnight masquerade Premium digital design asset bundle artwork collection: Bundle 87 midnight,masquerade.
Bundle,2580000,industrial lust Premium digital design asset bundle artwork collection: Bundle 258 industrial,lust.
Bundle,1780000,industrial lust Premium digital design asset bundle artwork collection: Bundle 178 industrial,lust.
Bundle,1860000,electric pocket monster mech Premium digital design asset bundle artwork collection: Bundle 186 electric pocket monster,mech.
Bundle,2420000,crimson catacombs Premium digital design asset bundle artwork collection: Bundle 242 crimson,catacombs.
Bundle,770000,minimalist high contrast crimson Premium digital design asset bundle artwork collection: Bundle 77 minimalist high contrast,crimson.
Bundle,1830000,neon alternative gothic Premium digital design asset bundle artwork collection: Bundle 183 neon alternative,gothic.
Bundle,310000,vaporwave synthwave fetish Premium digital design asset bundle artwork collection: Bundle 31 vaporwave synthwave,fetish.
Bundle,2300000,grimdark elden fantasy Premium digital design asset bundle artwork collection: Bundle 230 grimdark elden,fantasy.
Bundle,2140000,midnight masquerade Premium digital design asset bundle artwork collection: Bundle 214 midnight,masquerade.
Bundle,1230000,decadent underground lair Premium digital design asset bundle artwork collection: Bundle 123 decadent underground,lair.
Bundle,360000,dystopian cyberpunk noir Premium digital design asset bundle artwork collection: Bundle 36 dystopian cyberpunk,noir.
Bundle,1900000,elegant masquerade affair Premium digital design asset bundle artwork collection: Bundle 190 elegant masquerade,affair.
Bundle,30000,industrial metal and lace Premium digital design asset bundle artwork collection: Bundle 3 industrial metal and,lace.
Bundle,410000,industrial metal and lace Premium digital design asset bundle artwork collection: Bundle 41 industrial metal and,lace.
Bundle,530000,minimalist high contrast crimson Premium digital design asset bundle artwork collection: Bundle 53 minimalist high contrast,crimson.
Bundle,740000,gothic luxury velvet Premium digital design asset bundle artwork collection: Bundle 74 gothic luxury,velvet.
Bundle,460000,minimalist high contrast crimson Premium digital design asset bundle artwork collection: Bundle 46 minimalist high contrast,crimson.
Bundle,1300000,glittering cabaret Premium digital design asset bundle artwork collection: Bundle 130 glittering,cabaret.
Bundle,1700000,glitchcore cyber web vector Premium digital design asset bundle artwork collection: Bundle 170 glitchcore cyber web,vector.
Bundle,750000,decadent underground lair Premium digital design asset bundle artwork collection: Bundle 75 decadent underground,lair.
Bundle,450000,crimson catacombs Premium digital design asset bundle artwork collection: Bundle 45 crimson,catacombs.
Bundle,890000,grimdark elden fantasy Premium digital design asset bundle artwork collection: Bundle 89 grimdark elden,fantasy.
Bundle,280000,neon alternative gothic Premium digital design asset bundle artwork collection: Bundle 28 neon alternative,gothic.
Bundle,440000,grimy streetwear alternative Premium digital design asset bundle artwork collection: Bundle 44 grimy streetwear,alternative.
Bundle,1180000,gothic luxury velvet Premium digital design asset bundle artwork collection: Bundle 118 gothic luxury,velvet.
Bundle,1260000,dystopian cyberpunk noir Premium digital design asset bundle artwork collection: Bundle 126 dystopian cyberpunk,noir.
Bundle,780000,crimson masquerade Premium digital design asset bundle artwork collection: Bundle 78 crimson,masquerade.
Bundle,2430000,midnight garden soiree Premium digital design asset bundle artwork collection: Bundle 243 midnight garden,soiree.
Bundle,650000,midnight masquerade Premium digital design asset bundle artwork collection: Bundle 65 midnight,masquerade.
Bundle,330000,crimson cyberpunk fetish Premium digital design asset bundle artwork collection: Bundle 33 crimson cyberpunk,fetish.
Bundle,1880000,midnight masquerade Premium digital design asset bundle artwork collection: Bundle 188 midnight,masquerade.
Bundle,1380000,mecha industrial sci fi Premium digital design asset bundle artwork collection: Bundle 138 mecha industrial sci,fi.
Bundle,610000,vaporwave synthwave fetish Premium digital design asset bundle artwork collection: Bundle 61 vaporwave synthwave,fetish.
Bundle,120000,gothic luxury velvet Premium digital design asset bundle artwork collection: Bundle 12 gothic luxury,velvet.
Bundle,390000,glittering cabaret Premium digital design asset bundle artwork collection: Bundle 39 glittering,cabaret.
Bundle,1060000,dark luxury red and matte black Premium digital design asset bundle artwork collection: Bundle 106 dark luxury red and matte,black.
Bundle,1610000,industrial lust Premium digital design asset bundle artwork collection: Bundle 161 industrial,lust.
Bundle,550000,erotic rooftop lounge Premium digital design asset bundle artwork collection: Bundle 55 erotic rooftop,lounge.
Bundle,1630000,midnight garden escape room Premium digital design asset bundle artwork collection: Bundle 163 midnight garden escape,room.
Bundle,890000,industrial lust Premium digital design asset bundle artwork collection: Bundle 89 industrial,lust.
Bundle,860000,psychedelic dark psy tech Premium digital design asset bundle artwork collection: Bundle 86 psychedelic dark psy,tech.
Bundle,310000,industrial metal and lace Premium digital design asset bundle artwork collection: Bundle 31 industrial metal and,lace.
Bundle,80000,crimson cyberpunk fetish Premium digital design asset bundle artwork collection: Bundle 8 crimson cyberpunk,fetish.
Bundle,530000,midnight garden escape room Premium digital design asset bundle artwork collection: Bundle 53 midnight garden escape,room.
Bundle,380000,sensual waterfall retreat Premium digital design asset bundle artwork collection: Bundle 38 sensual waterfall,retreat.
Bundle,1190000,midnight garden soiree Premium digital design asset bundle artwork collection: Bundle 119 midnight garden,soiree.
Bundle,440000,aesthetic lofi chill pixel Premium digital design asset bundle artwork collection: Bundle 44 aesthetic lofi chill,pixel.
Bundle,540000,dark luxury red and matte black Premium digital design asset bundle artwork collection: Bundle 54 dark luxury red and matte,black.
Bundle,940000,industrial metal and lace Premium digital design asset bundle artwork collection: Bundle 94 industrial metal and,lace.
Bundle,2300000,dark alley romance Premium digital design asset bundle artwork collection: Bundle 230 dark alley,romance.
Bundle,30000,grimy streetwear alternative Premium digital design asset bundle artwork collection: Bundle 3 grimy streetwear,alternative.
Bundle,730000,erotic rooftop lounge Premium digital design asset bundle artwork collection: Bundle 73 erotic rooftop,lounge.
Bundle,610000,grimy streetwear alternative Premium digital design asset bundle artwork collection: Bundle 61 grimy streetwear,alternative.
Bundle,1520000,electric pocket monster mech Premium digital design asset bundle artwork collection: Bundle 152 electric pocket monster,mech.
Bundle,1280000,erotic rooftop lounge Premium digital design asset bundle artwork collection: Bundle 128 erotic rooftop,lounge.
Bundle,800000,dreamy enchanted garden Premium digital design asset bundle artwork collection: Bundle 80 dreamy enchanted,garden.
Bundle,2050000,glitchcore cyber web vector Premium digital design asset bundle artwork collection: Bundle 205 glitchcore cyber web,vector.
Bundle,1440000,aesthetic lofi chill pixel Premium digital design asset bundle artwork collection: Bundle 144 aesthetic lofi chill,pixel.
Bundle,430000,dystopian cyberpunk noir Premium digital design asset bundle artwork collection: Bundle 43 dystopian cyberpunk,noir.
Bundle,1170000,dystopian cyberpunk noir Premium digital design asset bundle artwork collection: Bundle 117 dystopian cyberpunk,noir.
Bundle,1480000,mecha industrial sci fi Premium digital design asset bundle artwork collection: Bundle 148 mecha industrial sci,fi.
Bundle,510000,grimy streetwear alternative Premium digital design asset bundle artwork collection: Bundle 51 grimy streetwear,alternative.
Bundle,400000,vaporwave synthwave fetish Premium digital design asset bundle artwork collection: Bundle 40 vaporwave synthwave,fetish.
Bundle,370000,midnight garden soiree Premium digital design asset bundle artwork collection: Bundle 37 midnight garden,soiree.
Bundle,2200000,decadent underground lair Premium digital design asset bundle artwork collection: Bundle 220 decadent underground,lair.
Bundle,730000,neon alternative gothic Premium digital design asset bundle artwork collection: Bundle 73 neon alternative,gothic.
Bundle,360000,glittering cabaret Premium digital design asset bundle artwork collection: Bundle 36 glittering,cabaret.
Bundle,2080000,dreamy enchanted garden Premium digital design asset bundle artwork collection: Bundle 208 dreamy enchanted,garden.
Bundle,1470000,dystopian cyberpunk noir Premium digital design asset bundle artwork collection: Bundle 147 dystopian cyberpunk,noir.
Bundle,1940000,decadent underground lair Premium digital design asset bundle artwork collection: Bundle 194 decadent underground,lair.
Bundle,310000,neon alternative gothic Premium digital design asset bundle artwork collection: Bundle 31 neon alternative,gothic.
Bundle,350000,neon alternative gothic Premium digital design asset bundle artwork collection: Bundle 35 neon alternative,gothic.
Bundle,300000,glitchcore cyber web vector Premium digital design asset bundle artwork collection: Bundle 30 glitchcore cyber web,vector.
Bundle,310000,gothic luxury velvet Premium digital design asset bundle artwork collection: Bundle 31 gothic luxury,velvet.
Bundle,1130000,steamy beach getaway Premium digital design asset bundle artwork collection: Bundle 113 steamy beach,getaway.
Bundle,1100000,crimson catacombs Premium digital design asset bundle artwork collection: Bundle 110 crimson,catacombs.
Bundle,870000,fetish fantasy Premium digital design asset bundle artwork collection: Bundle 87 fetish,fantasy.
Bundle,2060000,industrial lust Premium digital design asset bundle artwork collection: Bundle 206 industrial,lust.
Bundle,2160000,decadent underground lair Premium digital design asset bundle artwork collection: Bundle 216 decadent underground,lair.
Bundle,540000,crimson cyberpunk fetish Premium digital design asset bundle artwork collection: Bundle 54 crimson cyberpunk,fetish.
Bundle,790000,dystopian cyberpunk noir Premium digital design asset bundle artwork collection: Bundle 79 dystopian cyberpunk,noir.
Bundle,660000,industrial lust Premium digital design asset bundle artwork collection: Bundle 66 industrial,lust.
Bundle,620000,industrial metal and lace Premium digital design asset bundle artwork collection: Bundle 62 industrial metal and,lace.
Bundle,900000,dark alley romance Premium digital design asset bundle artwork collection: Bundle 90 dark alley,romance.
Bundle,1680000,crimson masquerade Premium digital design asset bundle artwork collection: Bundle 168 crimson,masquerade.
Bundle,1750000,fetish fantasy Premium digital design asset bundle artwork collection: Bundle 175 fetish,fantasy.
Bundle,710000,grimdark elden fantasy Premium digital design asset bundle artwork collection: Bundle 71 grimdark elden,fantasy.
Bundle,840000,erotic rooftop lounge Premium digital design asset bundle artwork collection: Bundle 84 erotic rooftop,lounge.
Bundle,1820000,midnight garden escape room Premium digital design asset bundle artwork collection: Bundle 182 midnight garden escape,room.
Bundle,1230000,glitchcore cyber web vector Premium digital design asset bundle artwork collection: Bundle 123 glitchcore cyber web,vector.
Bundle,2280000,elegant masquerade affair Premium digital design asset bundle artwork collection: Bundle 228 elegant masquerade,affair.
Bundle,220000,crimson cyberpunk fetish Premium digital design asset bundle artwork collection: Bundle 22 crimson cyberpunk,fetish.
Bundle,760000,sensual waterfall retreat Premium digital design asset bundle artwork collection: Bundle 76 sensual waterfall,retreat.
Bundle,1440000,steamy beach getaway Premium digital design asset bundle artwork collection: Bundle 144 steamy beach,getaway.
Bundle,1780000,dark luxury red and matte black Premium digital design asset bundle artwork collection: Bundle 178 dark luxury red and matte,black.
Bundle,2440000,dreamy enchanted garden Premium digital design asset bundle artwork collection: Bundle 244 dreamy enchanted,garden.
Bundle,1480000,steamy beach getaway Premium digital design asset bundle artwork collection: Bundle 148 steamy beach,getaway.
Bundle,750000,crimson cyberpunk fetish Premium digital design asset bundle artwork collection: Bundle 75 crimson cyberpunk,fetish.
Bundle,770000,erotic rooftop lounge Premium digital design asset bundle artwork collection: Bundle 77 erotic rooftop,lounge.
Bundle,2330000,sensual waterfall retreat Premium digital design asset bundle artwork collection: Bundle 233 sensual waterfall,retreat.
