Title,Description,Price,Zip_URL,Preview_URL
Digital Asset Pack #001,Premium creative asset bundle #001. Includes high-resolution assets and multi-format support.,10.00,https://backblazeb2.com/001_product.zip,https://backblazeb2.com/001_preview.jpg
Digital Asset Pack #002,Premium creative asset bundle #002. Includes high-resolution assets and multi-format support.,10.00,https://backblazeb2.com/002_product.zip,https://backblazeb2.com/002_preview.jpg
Digital Asset Pack #003,Premium creative asset bundle #003. Includes high-resolution assets and multi-format support.,10.00,https://backblazeb2.com/003_product.zip,https://backblazeb2.com/003_preview.jpg
Digital Asset Pack #004,Premium creative asset bundle #004. Includes high-resolution assets and multi-format support.,10.00,https://backblazeb2.com/004_product.zip,https://backblazeb2.com/004_preview.jpg
Digital Asset Pack #005,Premium creative asset bundle #005. Includes high-resolution assets and multi-format support.,10.00,https://backblazeb2.com/005_product.zip,https://backblazeb2.com/005_preview.jpg
Digital Asset Pack #006,Premium creative asset bundle #006. Includes high-resolution assets and multi-format support.,10.00,https://backblazeb2.com/006_product.zip,https://backblazeb2.com/006_preview.jpg
Digital Asset Pack #007,Premium creative asset bundle #007. Includes high-resolution assets and multi-format support.,10.00,https://backblazeb2.com/007_product.zip,https://backblazeb2.com/007_preview.jpg
Digital Asset Pack #008,Premium creative asset bundle #008. Includes high-resolution assets and multi-format support.,10.00,https://backblazeb2.com/008_product.zip,https://backblazeb2.com/008_preview.jpg
Digital Asset Pack #009,Premium creative asset bundle #009. Includes high-resolution assets and multi-format support.,10.00,https://backblazeb2.com/009_product.zip,https://backblazeb2.com/009_preview.jpg
Digital Asset Pack #010,Premium creative asset bundle #010. Includes high-resolution assets and multi-format support.,10.00,https://backblazeb2.com/010_product.zip,https://backblazeb2.com/010_preview.jpg
Digital Asset Pack #011,Premium creative asset bundle #011. Includes high-resolution assets and multi-format support.,10.00,https://backblazeb2.com/011_product.zip,https://backblazeb2.com/011_preview.jpg
Digital Asset Pack #012,Premium creative asset bundle #012. Includes high-resolution assets and multi-format support.,10.00,https://backblazeb2.com/012_product.zip,https://backblazeb2.com/012_preview.jpg
Digital Asset Pack #013,Premium creative asset bundle #013. Includes high-resolution assets and multi-format support.,10.00,https://backblazeb2.com/013_product.zip,https://backblazeb2.com/013_preview.jpg
Digital Asset Pack #014,Premium creative asset bundle #014. Includes high-resolution assets and multi-format support.,10.00,https://backblazeb2.com/014_product.zip,https://backblazeb2.com/014_preview.jpg
Digital Asset Pack #015,Premium creative asset bundle #015. Includes high-resolution assets and multi-format support.,10.00,https://backblazeb2.com/015_product.zip,https://backblazeb2.com/015_preview.jpg
Digital Asset Pack #016,Premium creative asset bundle #016. Includes high-resolution assets and multi-format support.,10.00,https://backblazeb2.com/016_product.zip,https://backblazeb2.com/016_preview.jpg
Digital Asset Pack #017,Premium creative asset bundle #017. Includes high-resolution assets and multi-format support.,10.00,https://backblazeb2.com/017_product.zip,https://backblazeb2.com/017_preview.jpg
Digital Asset Pack #018,Premium creative asset bundle #018. Includes high-resolution assets and multi-format support.,10.00,https://backblazeb2.com/018_product.zip,https://backblazeb2.com/018_preview.jpg
Digital Asset Pack #019,Premium creative asset bundle #019. Includes high-resolution assets and multi-format support.,10.00,https://backblazeb2.com/019_product.zip,https://backblazeb2.com/019_preview.jpg
Digital Asset Pack #020,Premium creative asset bundle #020. Includes high-resolution assets and multi-format support.,10.00,https://backblazeb2.com/020_product.zip,https://backblazeb2.com/020_preview.jpg
Digital Asset Pack #021,Premium creative asset bundle #021. Includes high-resolution assets and multi-format support.,10.00,https://backblazeb2.com/021_product.zip,https://backblazeb2.com/021_preview.jpg
Digital Asset Pack #022,Premium creative asset bundle #022. Includes high-resolution assets and multi-format support.,10.00,https://backblazeb2.com/022_product.zip,https://backblazeb2.com/022_preview.jpg
Digital Asset Pack #023,Premium creative asset bundle #023. Includes high-resolution assets and multi-format support.,10.00,https://backblazeb2.com/023_product.zip,https://backblazeb2.com/023_preview.jpg
Digital Asset Pack #024,Premium creative asset bundle #024. Includes high-resolution assets and multi-format support.,10.00,https://backblazeb2.com/024_product.zip,https://backblazeb2.com/024_preview.jpg
Digital Asset Pack #025,Premium creative asset bundle #025. Includes high-resolution assets and multi-format support.,10.00,https://backblazeb2.com/025_product.zip,https://backblazeb2.com/025_preview.jpg
Digital Asset Pack #026,Premium creative asset bundle #026. Includes high-resolution assets and multi-format support.,10.00,https://backblazeb2.com/026_product.zip,https://backblazeb2.com/026_preview.jpg
Digital Asset Pack #027,Premium creative asset bundle #027. Includes high-resolution assets and multi-format support.,10.00,https://backblazeb2.com/027_product.zip,https://backblazeb2.com/027_preview.jpg
Digital Asset Pack #028,Premium creative asset bundle #028. Includes high-resolution assets and multi-format support.,10.00,https://backblazeb2.com/028_product.zip,https://backblazeb2.com/028_preview.jpg
Digital Asset Pack #029,Premium creative asset bundle #029. Includes high-resolution assets and multi-format support.,10.00,https://backblazeb2.com/029_product.zip,https://backblazeb2.com/029_preview.jpg
Digital Asset Pack #030,Premium creative asset bundle #030. Includes high-resolution assets and multi-format support.,10.00,https://backblazeb2.com/030_product.zip,https://backblazeb2.com/030_preview.jpg
Digital Asset Pack #031,Premium creative asset bundle #031. Includes high-resolution assets and multi-format support.,10.00,https://backblazeb2.com/031_product.zip,https://backblazeb2.com/031_preview.jpg
Digital Asset Pack #032,Premium creative asset bundle #032. Includes high-resolution assets and multi-format support.,10.00,https://backblazeb2.com/032_product.zip,https://backblazeb2.com/032_preview.jpg
Digital Asset Pack #033,Premium creative asset bundle #033. Includes high-resolution assets and multi-format support.,10.00,https://backblazeb2.com/033_product.zip,https://backblazeb2.com/033_preview.jpg
Digital Asset Pack #034,Premium creative asset bundle #034. Includes high-resolution assets and multi-format support.,10.00,https://backblazeb2.com/034_product.zip,https://backblazeb2.com/034_preview.jpg
Digital Asset Pack #035,Premium creative asset bundle #035. Includes high-resolution assets and multi-format support.,10.00,https://backblazeb2.com/035_product.zip,https://backblazeb2.com/035_preview.jpg
Digital Asset Pack #036,Premium creative asset bundle #036. Includes high-resolution assets and multi-format support.,10.00,https://backblazeb2.com/036_product.zip,https://backblazeb2.com/036_preview.jpg
Digital Asset Pack #037,Premium creative asset bundle #037. Includes high-resolution assets and multi-format support.,10.00,https://backblazeb2.com/037_product.zip,https://backblazeb2.com/037_preview.jpg
Digital Asset Pack #038,Premium creative asset bundle #038. Includes high-resolution assets and multi-format support.,10.00,https://backblazeb2.com/038_product.zip,https://backblazeb2.com/038_preview.jpg
Digital Asset Pack #039,Premium creative asset bundle #039. Includes high-resolution assets and multi-format support.,10.00,https://backblazeb2.com/039_product.zip,https://backblazeb2.com/039_preview.jpg
Digital Asset Pack #040,Premium creative asset bundle #040. Includes high-resolution assets and multi-format support.,10.00,https://backblazeb2.com/040_product.zip,https://backblazeb2.com/040_preview.jpg
Digital Asset Pack #041,Premium creative asset bundle #041. Includes high-resolution assets and multi-format support.,10.00,https://backblazeb2.com/041_product.zip,https://backblazeb2.com/041_preview.jpg
Digital Asset Pack #042,Premium creative asset bundle #042. Includes high-resolution assets and multi-format support.,10.00,https://backblazeb2.com/042_product.zip,https://backblazeb2.com/042_preview.jpg
Digital Asset Pack #043,Premium creative asset bundle #043. Includes high-resolution assets and multi-format support.,10.00,https://backblazeb2.com/043_product.zip,https://backblazeb2.com/043_preview.jpg
Digital Asset Pack #044,Premium creative asset bundle #044. Includes high-resolution assets and multi-format support.,10.00,https://backblazeb2.com/044_product.zip,https://backblazeb2.com/044_preview.jpg
Digital Asset Pack #045,Premium creative asset bundle #045. Includes high-resolution assets and multi-format support.,10.00,https://backblazeb2.com/045_product.zip,https://backblazeb2.com/045_preview.jpg
Digital Asset Pack #046,Premium creative asset bundle #046. Includes high-resolution assets and multi-format support.,10.00,https://backblazeb2.com/046_product.zip,https://backblazeb2.com/046_preview.jpg
Digital Asset Pack #047,Premium creative asset bundle #047. Includes high-resolution assets and multi-format support.,10.00,https://backblazeb2.com/047_product.zip,https://backblazeb2.com/047_preview.jpg
Digital Asset Pack #048,Premium creative asset bundle #048. Includes high-resolution assets and multi-format support.,10.00,https://backblazeb2.com/048_product.zip,https://backblazeb2.com/048_preview.jpg
Digital Asset Pack #049,Premium creative asset bundle #049. Includes high-resolution assets and multi-format support.,10.00,https://backblazeb2.com/049_product.zip,https://backblazeb2.com/049_preview.jpg
Digital Asset Pack #050,Premium creative asset bundle #050. Includes high-resolution assets and multi-format support.,10.00,https://backblazeb2.com/050_product.zip,https://backblazeb2.com/050_preview.jpg
Digital Asset Pack #051,Premium creative asset bundle #051. Includes high-resolution assets and multi-format support.,10.00,https://backblazeb2.com/051_product.zip,https://backblazeb2.com/051_preview.jpg
Digital Asset Pack #052,Premium creative asset bundle #052. Includes high-resolution assets and multi-format support.,10.00,https://backblazeb2.com/052_product.zip,https://backblazeb2.com/052_preview.jpg
Digital Asset Pack #053,Premium creative asset bundle #053. Includes high-resolution assets and multi-format support.,10.00,https://backblazeb2.com/053_product.zip,https://backblazeb2.com/053_preview.jpg
Digital Asset Pack #054,Premium creative asset bundle #054. Includes high-resolution assets and multi-format support.,10.00,https://backblazeb2.com/054_product.zip,https://backblazeb2.com/054_preview.jpg
Digital Asset Pack #055,Premium creative asset bundle #055. Includes high-resolution assets and multi-format support.,10.00,https://backblazeb2.com/055_product.zip,https://backblazeb2.com/055_preview.jpg
Digital Asset Pack #056,Premium creative asset bundle #056. Includes high-resolution assets and multi-format support.,10.00,https://backblazeb2.com/056_product.zip,https://backblazeb2.com/056_preview.jpg
Digital Asset Pack #057,Premium creative asset bundle #057. Includes high-resolution assets and multi-format support.,10.00,https://backblazeb2.com/057_product.zip,https://backblazeb2.com/057_preview.jpg
Digital Asset Pack #058,Premium creative asset bundle #058. Includes high-resolution assets and multi-format support.,10.00,https://backblazeb2.com/058_product.zip,https://backblazeb2.com/058_preview.jpg
Digital Asset Pack #059,Premium creative asset bundle #059. Includes high-resolution assets and multi-format support.,10.00,https://backblazeb2.com/059_product.zip,https://backblazeb2.com/059_preview.jpg
Digital Asset Pack #060,Premium creative asset bundle #060. Includes high-resolution assets and multi-format support.,10.00,https://backblazeb2.com/060_product.zip,https://backblazeb2.com/060_preview.jpg
Digital Asset Pack #061,Premium creative asset bundle #061. Includes high-resolution assets and multi-format support.,10.00,https://backblazeb2.com/061_product.zip,https://backblazeb2.com/061_preview.jpg
Digital Asset Pack #062,Premium creative asset bundle #062. Includes high-resolution assets and multi-format support.,10.00,https://backblazeb2.com/062_product.zip,https://backblazeb2.com/062_preview.jpg
Digital Asset Pack #063,Premium creative asset bundle #063. Includes high-resolution assets and multi-format support.,10.00,https://backblazeb2.com/063_product.zip,https://backblazeb2.com/063_preview.jpg
Digital Asset Pack #064,Premium creative asset bundle #064. Includes high-resolution assets and multi-format support.,10.00,https://backblazeb2.com/064_product.zip,https://backblazeb2.com/064_preview.jpg
Digital Asset Pack #065,Premium creative asset bundle #065. Includes high-resolution assets and multi-format support.,10.00,https://backblazeb2.com/065_product.zip,https://backblazeb2.com/065_preview.jpg
Digital Asset Pack #066,Premium creative asset bundle #066. Includes high-resolution assets and multi-format support.,10.00,https://backblazeb2.com/066_product.zip,https://backblazeb2.com/066_preview.jpg
Digital Asset Pack #067,Premium creative asset bundle #067. Includes high-resolution assets and multi-format support.,10.00,https://backblazeb2.com/067_product.zip,https://backblazeb2.com/067_preview.jpg
Digital Asset Pack #068,Premium creative asset bundle #068. Includes high-resolution assets and multi-format support.,10.00,https://backblazeb2.com/068_product.zip,https://backblazeb2.com/068_preview.jpg
Digital Asset Pack #069,Premium creative asset bundle #069. Includes high-resolution assets and multi-format support.,10.00,https://backblazeb2.com/069_product.zip,https://backblazeb2.com/069_preview.jpg
Digital Asset Pack #070,Premium creative asset bundle #070. Includes high-resolution assets and multi-format support.,10.00,https://backblazeb2.com/070_product.zip,https://backblazeb2.com/070_preview.jpg
Digital Asset Pack #071,Premium creative asset bundle #071. Includes high-resolution assets and multi-format support.,10.00,https://backblazeb2.com/071_product.zip,https://backblazeb2.com/071_preview.jpg
Digital Asset Pack #072,Premium creative asset bundle #072. Includes high-resolution assets and multi-format support.,10.00,https://backblazeb2.com/072_product.zip,https://backblazeb2.com/072_preview.jpg
Digital Asset Pack #073,Premium creative asset bundle #073. Includes high-resolution assets and multi-format support.,10.00,https://backblazeb2.com/073_product.zip,https://backblazeb2.com/073_preview.jpg
Digital Asset Pack #074,Premium creative asset bundle #074. Includes high-resolution assets and multi-format support.,10.00,https://backblazeb2.com/074_product.zip,https://backblazeb2.com/074_preview.jpg
Digital Asset Pack #075,Premium creative asset bundle #075. Includes high-resolution assets and multi-format support.,10.00,https://backblazeb2.com/075_product.zip,https://backblazeb2.com/075_preview.jpg
Digital Asset Pack #076,Premium creative asset bundle #076. Includes high-resolution assets and multi-format support.,10.00,https://backblazeb2.com/076_product.zip,https://backblazeb2.com/076_preview.jpg
Digital Asset Pack #077,Premium creative asset bundle #077. Includes high-resolution assets and multi-format support.,10.00,https://backblazeb2.com/077_product.zip,https://backblazeb2.com/077_preview.jpg
Digital Asset Pack #078,Premium creative asset bundle #078. Includes high-resolution assets and multi-format support.,10.00,https://backblazeb2.com/078_product.zip,https://backblazeb2.com/078_preview.jpg
Digital Asset Pack #079,Premium creative asset bundle #079. Includes high-resolution assets and multi-format support.,10.00,https://backblazeb2.com/079_product.zip,https://backblazeb2.com/079_preview.jpg
Digital Asset Pack #080,Premium creative asset bundle #080. Includes high-resolution assets and multi-format support.,10.00,https://backblazeb2.com/080_product.zip,https://backblazeb2.com/080_preview.jpg
Digital Asset Pack #081,Premium creative asset bundle #081. Includes high-resolution assets and multi-format support.,10.00,https://backblazeb2.com/081_product.zip,https://backblazeb2.com/081_preview.jpg
Digital Asset Pack #082,Premium creative asset bundle #082. Includes high-resolution assets and multi-format support.,10.00,https://backblazeb2.com/082_product.zip,https://backblazeb2.com/082_preview.jpg
Digital Asset Pack #083,Premium creative asset bundle #083. Includes high-resolution assets and multi-format support.,10.00,https://backblazeb2.com/083_product.zip,https://backblazeb2.com/083_preview.jpg
Digital Asset Pack #084,Premium creative asset bundle #084. Includes high-resolution assets and multi-format support.,10.00,https://backblazeb2.com/084_product.zip,https://backblazeb2.com/084_preview.jpg
Digital Asset Pack #085,Premium creative asset bundle #085. Includes high-resolution assets and multi-format support.,10.00,https://backblazeb2.com/085_product.zip,https://backblazeb2.com/085_preview.jpg
Digital Asset Pack #086,Premium creative asset bundle #086. Includes high-resolution assets and multi-format support.,10.00,https://backblazeb2.com/086_product.zip,https://backblazeb2.com/086_preview.jpg
Digital Asset Pack #087,Premium creative asset bundle #087. Includes high-resolution assets and multi-format support.,10.00,https://backblazeb2.com/087_product.zip,https://backblazeb2.com/087_preview.jpg
Digital Asset Pack #088,Premium creative asset bundle #088. Includes high-resolution assets and multi-format support.,10.00,https://backblazeb2.com/088_product.zip,https://backblazeb2.com/088_preview.jpg
Digital Asset Pack #089,Premium creative asset bundle #089. Includes high-resolution assets and multi-format support.,10.00,https://backblazeb2.com/089_product.zip,https://backblazeb2.com/089_preview.jpg
Digital Asset Pack #090,Premium creative asset bundle #090. Includes high-resolution assets and multi-format support.,10.00,https://backblazeb2.com/090_product.zip,https://backblazeb2.com/090_preview.jpg
Digital Asset Pack #091,Premium creative asset bundle #091. Includes high-resolution assets and multi-format support.,10.00,https://backblazeb2.com/091_product.zip,https://backblazeb2.com/091_preview.jpg
Digital Asset Pack #092,Premium creative asset bundle #092. Includes high-resolution assets and multi-format support.,10.00,https://backblazeb2.com/092_product.zip,https://backblazeb2.com/092_preview.jpg
Digital Asset Pack #093,Premium creative asset bundle #093. Includes high-resolution assets and multi-format support.,10.00,https://backblazeb2.com/093_product.zip,https://backblazeb2.com/093_preview.jpg
Digital Asset Pack #094,Premium creative asset bundle #094. Includes high-resolution assets and multi-format support.,10.00,https://backblazeb2.com/094_product.zip,https://backblazeb2.com/094_preview.jpg
Digital Asset Pack #095,Premium creative asset bundle #095. Includes high-resolution assets and multi-format support.,10.00,https://backblazeb2.com/095_product.zip,https://backblazeb2.com/095_preview.jpg
Digital Asset Pack #096,Premium creative asset bundle #096. Includes high-resolution assets and multi-format support.,10.00,https://backblazeb2.com/096_product.zip,https://backblazeb2.com/096_preview.jpg
Digital Asset Pack #097,Premium creative asset bundle #097. Includes high-resolution assets and multi-format support.,10.00,https://backblazeb2.com/097_product.zip,https://backblazeb2.com/097_preview.jpg
Digital Asset Pack #098,Premium creative asset bundle #098. Includes high-resolution assets and multi-format support.,10.00,https://backblazeb2.com/098_product.zip,https://backblazeb2.com/098_preview.jpg
Digital Asset Pack #099,Premium creative asset bundle #099. Includes high-resolution assets and multi-format support.,10.00,https://backblazeb2.com/099_product.zip,https://backblazeb2.com/099_preview.jpg
Digital Asset Pack #100,Premium creative asset bundle #100. Includes high-resolution assets and multi-format support.,10.00,https://backblazeb2.com/100_product.zip,https://backblazeb2.com/100_preview.jpg
Digital Asset Pack #101,Premium creative asset bundle #101. Includes high-resolution assets and multi-format support.,10.00,https://backblazeb2.com/101_product.zip,https://backblazeb2.com/101_preview.jpg
Digital Asset Pack #102,Premium creative asset bundle #102. Includes high-resolution assets and multi-format support.,10.00,https://backblazeb2.com/102_product.zip,https://backblazeb2.com/102_preview.jpg
Digital Asset Pack #103,Premium creative asset bundle #103. Includes high-resolution assets and multi-format support.,10.00,https://backblazeb2.com/103_product.zip,https://backblazeb2.com/103_preview.jpg
Digital Asset Pack #104,Premium creative asset bundle #104. Includes high-resolution assets and multi-format support.,10.00,https://backblazeb2.com/104_product.zip,https://backblazeb2.com/104_preview.jpg
Digital Asset Pack #105,Premium creative asset bundle #105. Includes high-resolution assets and multi-format support.,10.00,https://backblazeb2.com/105_product.zip,https://backblazeb2.com/105_preview.jpg
Digital Asset Pack #106,Premium creative asset bundle #106. Includes high-resolution assets and multi-format support.,10.00,https://backblazeb2.com/106_product.zip,https://backblazeb2.com/106_preview.jpg
Digital Asset Pack #107,Premium creative asset bundle #107. Includes high-resolution assets and multi-format support.,10.00,https://backblazeb2.com/107_product.zip,https://backblazeb2.com/107_preview.jpg
Digital Asset Pack #108,Premium creative asset bundle #108. Includes high-resolution assets and multi-format support.,10.00,https://backblazeb2.com/108_product.zip,https://backblazeb2.com/108_preview.jpg
Digital Asset Pack #109,Premium creative asset bundle #109. Includes high-resolution assets and multi-format support.,10.00,https://backblazeb2.com/109_product.zip,https://backblazeb2.com/109_preview.jpg
Digital Asset Pack #110,Premium creative asset bundle #110. Includes high-resolution assets and multi-format support.,10.00,https://backblazeb2.com/110_product.zip,https://backblazeb2.com/110_preview.jpg
Digital Asset Pack #111,Premium creative asset bundle #111. Includes high-resolution assets and multi-format support.,10.00,https://backblazeb2.com/111_product.zip,https://backblazeb2.com/111_preview.jpg
Digital Asset Pack #112,Premium creative asset bundle #112. Includes high-resolution assets and multi-format support.,10.00,https://backblazeb2.com/112_product.zip,https://backblazeb2.com/112_preview.jpg
Digital Asset Pack #113,Premium creative asset bundle #113. Includes high-resolution assets and multi-format support.,10.00,https://backblazeb2.com/113_product.zip,https://backblazeb2.com/113_preview.jpg
Digital Asset Pack #114,Premium creative asset bundle #114. Includes high-resolution assets and multi-format support.,10.00,https://backblazeb2.com/114_product.zip,https://backblazeb2.com/114_preview.jpg
Digital Asset Pack #115,Premium creative asset bundle #115. Includes high-resolution assets and multi-format support.,10.00,https://backblazeb2.com/115_product.zip,https://backblazeb2.com/115_preview.jpg
Digital Asset Pack #116,Premium creative asset bundle #116. Includes high-resolution assets and multi-format support.,10.00,https://backblazeb2.com/116_product.zip,https://backblazeb2.com/116_preview.jpg
Digital Asset Pack #117,Premium creative asset bundle #117. Includes high-resolution assets and multi-format support.,10.00,https://backblazeb2.com/117_product.zip,https://backblazeb2.com/117_preview.jpg
Digital Asset Pack #118,Premium creative asset bundle #118. Includes high-resolution assets and multi-format support.,10.00,https://backblazeb2.com/118_product.zip,https://backblazeb2.com/118_preview.jpg
Digital Asset Pack #119,Premium creative asset bundle #119. Includes high-resolution assets and multi-format support.,10.00,https://backblazeb2.com/119_product.zip,https://backblazeb2.com/119_preview.jpg
Digital Asset Pack #120,Premium creative asset bundle #120. Includes high-resolution assets and multi-format support.,10.00,https://backblazeb2.com/120_product.zip,https://backblazeb2.com/120_preview.jpg
Digital Asset Pack #121,Premium creative asset bundle #121. Includes high-resolution assets and multi-format support.,10.00,https://backblazeb2.com/121_product.zip,https://backblazeb2.com/121_preview.jpg
Digital Asset Pack #122,Premium creative asset bundle #122. Includes high-resolution assets and multi-format support.,10.00,https://backblazeb2.com/122_product.zip,https://backblazeb2.com/122_preview.jpg
Digital Asset Pack #123,Premium creative asset bundle #123. Includes high-resolution assets and multi-format support.,10.00,https://backblazeb2.com/123_product.zip,https://backblazeb2.com/123_preview.jpg
Digital Asset Pack #124,Premium creative asset bundle #124. Includes high-resolution assets and multi-format support.,10.00,https://backblazeb2.com/124_product.zip,https://backblazeb2.com/124_preview.jpg
Digital Asset Pack #125,Premium creative asset bundle #125. Includes high-resolution assets and multi-format support.,10.00,https://backblazeb2.com/125_product.zip,https://backblazeb2.com/125_preview.jpg
Digital Asset Pack #126,Premium creative asset bundle #126. Includes high-resolution assets and multi-format support.,10.00,https://backblazeb2.com/126_product.zip,https://backblazeb2.com/126_preview.jpg
Digital Asset Pack #127,Premium creative asset bundle #127. Includes high-resolution assets and multi-format support.,10.00,https://backblazeb2.com/127_product.zip,https://backblazeb2.com/127_preview.jpg
Digital Asset Pack #128,Premium creative asset bundle #128. Includes high-resolution assets and multi-format support.,10.00,https://backblazeb2.com/128_product.zip,https://backblazeb2.com/128_preview.jpg
Digital Asset Pack #129,Premium creative asset bundle #129. Includes high-resolution assets and multi-format support.,10.00,https://backblazeb2.com/129_product.zip,https://backblazeb2.com/129_preview.jpg
Digital Asset Pack #130,Premium creative asset bundle #130. Includes high-resolution assets and multi-format support.,10.00,https://backblazeb2.com/130_product.zip,https://backblazeb2.com/130_preview.jpg
Digital Asset Pack #131,Premium creative asset bundle #131. Includes high-resolution assets and multi-format support.,10.00,https://backblazeb2.com/131_product.zip,https://backblazeb2.com/131_preview.jpg
Digital Asset Pack #132,Premium creative asset bundle #132. Includes high-resolution assets and multi-format support.,10.00,https://backblazeb2.com/132_product.zip,https://backblazeb2.com/132_preview.jpg
Digital Asset Pack #133,Premium creative asset bundle #133. Includes high-resolution assets and multi-format support.,10.00,https://backblazeb2.com/133_product.zip,https://backblazeb2.com/133_preview.jpg
Digital Asset Pack #134,Premium creative asset bundle #134. Includes high-resolution assets and multi-format support.,10.00,https://backblazeb2.com/134_product.zip,https://backblazeb2.com/134_preview.jpg
Digital Asset Pack #135,Premium creative asset bundle #135. Includes high-resolution assets and multi-format support.,10.00,https://backblazeb2.com/135_product.zip,https://backblazeb2.com/135_preview.jpg
Digital Asset Pack #136,Premium creative asset bundle #136. Includes high-resolution assets and multi-format support.,10.00,https://backblazeb2.com/136_product.zip,https://backblazeb2.com/136_preview.jpg
Digital Asset Pack #137,Premium creative asset bundle #137. Includes high-resolution assets and multi-format support.,10.00,https://backblazeb2.com/137_product.zip,https://backblazeb2.com/137_preview.jpg
Digital Asset Pack #138,Premium creative asset bundle #138. Includes high-resolution assets and multi-format support.,10.00,https://backblazeb2.com/138_product.zip,https://backblazeb2.com/138_preview.jpg
Digital Asset Pack #139,Premium creative asset bundle #139. Includes high-resolution assets and multi-format support.,10.00,https://backblazeb2.com/139_product.zip,https://backblazeb2.com/139_preview.jpg
Digital Asset Pack #140,Premium creative asset bundle #140. Includes high-resolution assets and multi-format support.,10.00,https://backblazeb2.com/140_product.zip,https://backblazeb2.com/140_preview.jpg
Digital Asset Pack #141,Premium creative asset bundle #141. Includes high-resolution assets and multi-format support.,10.00,https://backblazeb2.com/141_product.zip,https://backblazeb2.com/141_preview.jpg
Digital Asset Pack #142,Premium creative asset bundle #142. Includes high-resolution assets and multi-format support.,10.00,https://backblazeb2.com/142_product.zip,https://backblazeb2.com/142_preview.jpg
Digital Asset Pack #143,Premium creative asset bundle #143. Includes high-resolution assets and multi-format support.,10.00,https://backblazeb2.com/143_product.zip,https://backblazeb2.com/143_preview.jpg
Digital Asset Pack #144,Premium creative asset bundle #144. Includes high-resolution assets and multi-format support.,10.00,https://backblazeb2.com/144_product.zip,https://backblazeb2.com/144_preview.jpg
Digital Asset Pack #145,Premium creative asset bundle #145. Includes high-resolution assets and multi-format support.,10.00,https://backblazeb2.com/145_product.zip,https://backblazeb2.com/145_preview.jpg
Digital Asset Pack #146,Premium creative asset bundle #146. Includes high-resolution assets and multi-format support.,10.00,https://backblazeb2.com/146_product.zip,https://backblazeb2.com/146_preview.jpg
Digital Asset Pack #147,Premium creative asset bundle #147. Includes high-resolution assets and multi-format support.,10.00,https://backblazeb2.com/147_product.zip,https://backblazeb2.com/147_preview.jpg
Digital Asset Pack #148,Premium creative asset bundle #148. Includes high-resolution assets and multi-format support.,10.00,https://backblazeb2.com/148_product.zip,https://backblazeb2.com/148_preview.jpg
Digital Asset Pack #149,Premium creative asset bundle #149. Includes high-resolution assets and multi-format support.,10.00,https://backblazeb2.com/149_product.zip,https://backblazeb2.com/149_preview.jpg
Digital Asset Pack #150,Premium creative asset bundle #150. Includes high-resolution assets and multi-format support.,10.00,https://backblazeb2.com/150_product.zip,https://backblazeb2.com/150_preview.jpg
Digital Asset Pack #151,Premium creative asset bundle #151. Includes high-resolution assets and multi-format support.,10.00,https://backblazeb2.com/151_product.zip,https://backblazeb2.com/151_preview.jpg
Digital Asset Pack #152,Premium creative asset bundle #152. Includes high-resolution assets and multi-format support.,10.00,https://backblazeb2.com/152_product.zip,https://backblazeb2.com/152_preview.jpg
Digital Asset Pack #153,Premium creative asset bundle #153. Includes high-resolution assets and multi-format support.,10.00,https://backblazeb2.com/153_product.zip,https://backblazeb2.com/153_preview.jpg
Digital Asset Pack #154,Premium creative asset bundle #154. Includes high-resolution assets and multi-format support.,10.00,https://backblazeb2.com/154_product.zip,https://backblazeb2.com/154_preview.jpg
Digital Asset Pack #155,Premium creative asset bundle #155. Includes high-resolution assets and multi-format support.,10.00,https://backblazeb2.com/155_product.zip,https://backblazeb2.com/155_preview.jpg
Digital Asset Pack #156,Premium creative asset bundle #156. Includes high-resolution assets and multi-format support.,10.00,https://backblazeb2.com/156_product.zip,https://backblazeb2.com/156_preview.jpg
Digital Asset Pack #157,Premium creative asset bundle #157. Includes high-resolution assets and multi-format support.,10.00,https://backblazeb2.com/157_product.zip,https://backblazeb2.com/157_preview.jpg
Digital Asset Pack #158,Premium creative asset bundle #158. Includes high-resolution assets and multi-format support.,10.00,https://backblazeb2.com/158_product.zip,https://backblazeb2.com/158_preview.jpg
Digital Asset Pack #159,Premium creative asset bundle #159. Includes high-resolution assets and multi-format support.,10.00,https://backblazeb2.com/159_product.zip,https://backblazeb2.com/159_preview.jpg
Digital Asset Pack #160,Premium creative asset bundle #160. Includes high-resolution assets and multi-format support.,10.00,https://backblazeb2.com/160_product.zip,https://backblazeb2.com/160_preview.jpg
Digital Asset Pack #161,Premium creative asset bundle #161. Includes high-resolution assets and multi-format support.,10.00,https://backblazeb2.com/161_product.zip,https://backblazeb2.com/161_preview.jpg
Digital Asset Pack #162,Premium creative asset bundle #162. Includes high-resolution assets and multi-format support.,10.00,https://backblazeb2.com/162_product.zip,https://backblazeb2.com/162_preview.jpg
Digital Asset Pack #163,Premium creative asset bundle #163. Includes high-resolution assets and multi-format support.,10.00,https://backblazeb2.com/163_product.zip,https://backblazeb2.com/163_preview.jpg
Digital Asset Pack #164,Premium creative asset bundle #164. Includes high-resolution assets and multi-format support.,10.00,https://backblazeb2.com/164_product.zip,https://backblazeb2.com/164_preview.jpg
Digital Asset Pack #165,Premium creative asset bundle #165. Includes high-resolution assets and multi-format support.,10.00,https://backblazeb2.com/165_product.zip,https://backblazeb2.com/165_preview.jpg
Digital Asset Pack #166,Premium creative asset bundle #166. Includes high-resolution assets and multi-format support.,10.00,https://backblazeb2.com/166_product.zip,https://backblazeb2.com/166_preview.jpg
Digital Asset Pack #167,Premium creative asset bundle #167. Includes high-resolution assets and multi-format support.,10.00,https://backblazeb2.com/167_product.zip,https://backblazeb2.com/167_preview.jpg
Digital Asset Pack #168,Premium creative asset bundle #168. Includes high-resolution assets and multi-format support.,10.00,https://backblazeb2.com/168_product.zip,https://backblazeb2.com/168_preview.jpg
Digital Asset Pack #169,Premium creative asset bundle #169. Includes high-resolution assets and multi-format support.,10.00,https://backblazeb2.com/169_product.zip,https://backblazeb2.com/169_preview.jpg
Digital Asset Pack #170,Premium creative asset bundle #170. Includes high-resolution assets and multi-format support.,10.00,https://backblazeb2.com/170_product.zip,https://backblazeb2.com/170_preview.jpg
Digital Asset Pack #171,Premium creative asset bundle #171. Includes high-resolution assets and multi-format support.,10.00,https://backblazeb2.com/171_product.zip,https://backblazeb2.com/171_preview.jpg
Digital Asset Pack #172,Premium creative asset bundle #172. Includes high-resolution assets and multi-format support.,10.00,https://backblazeb2.com/172_product.zip,https://backblazeb2.com/172_preview.jpg
Digital Asset Pack #173,Premium creative asset bundle #173. Includes high-resolution assets and multi-format support.,10.00,https://backblazeb2.com/173_product.zip,https://backblazeb2.com/173_preview.jpg
Digital Asset Pack #174,Premium creative asset bundle #174. Includes high-resolution assets and multi-format support.,10.00,https://backblazeb2.com/174_product.zip,https://backblazeb2.com/174_preview.jpg
Digital Asset Pack #175,Premium creative asset bundle #175. Includes high-resolution assets and multi-format support.,10.00,https://backblazeb2.com/175_product.zip,https://backblazeb2.com/175_preview.jpg
Digital Asset Pack #176,Premium creative asset bundle #176. Includes high-resolution assets and multi-format support.,10.00,https://backblazeb2.com/176_product.zip,https://backblazeb2.com/176_preview.jpg
Digital Asset Pack #177,Premium creative asset bundle #177. Includes high-resolution assets and multi-format support.,10.00,https://backblazeb2.com/177_product.zip,https://backblazeb2.com/177_preview.jpg
Digital Asset Pack #178,Premium creative asset bundle #178. Includes high-resolution assets and multi-format support.,10.00,https://backblazeb2.com/178_product.zip,https://backblazeb2.com/178_preview.jpg
Digital Asset Pack #179,Premium creative asset bundle #179. Includes high-resolution assets and multi-format support.,10.00,https://backblazeb2.com/179_product.zip,https://backblazeb2.com/179_preview.jpg
Digital Asset Pack #180,Premium creative asset bundle #180. Includes high-resolution assets and multi-format support.,10.00,https://backblazeb2.com/180_product.zip,https://backblazeb2.com/180_preview.jpg
Digital Asset Pack #181,Premium creative asset bundle #181. Includes high-resolution assets and multi-format support.,10.00,https://backblazeb2.com/181_product.zip,https://backblazeb2.com/181_preview.jpg
Digital Asset Pack #182,Premium creative asset bundle #182. Includes high-resolution assets and multi-format support.,10.00,https://backblazeb2.com/182_product.zip,https://backblazeb2.com/182_preview.jpg
Digital Asset Pack #183,Premium creative asset bundle #183. Includes high-resolution assets and multi-format support.,10.00,https://backblazeb2.com/183_product.zip,https://backblazeb2.com/183_preview.jpg
Digital Asset Pack #184,Premium creative asset bundle #184. Includes high-resolution assets and multi-format support.,10.00,https://backblazeb2.com/184_product.zip,https://backblazeb2.com/184_preview.jpg
Digital Asset Pack #185,Premium creative asset bundle #185. Includes high-resolution assets and multi-format support.,10.00,https://backblazeb2.com/185_product.zip,https://backblazeb2.com/185_preview.jpg
Digital Asset Pack #186,Premium creative asset bundle #186. Includes high-resolution assets and multi-format support.,10.00,https://backblazeb2.com/186_product.zip,https://backblazeb2.com/186_preview.jpg
Digital Asset Pack #187,Premium creative asset bundle #187. Includes high-resolution assets and multi-format support.,10.00,https://backblazeb2.com/187_product.zip,https://backblazeb2.com/187_preview.jpg
Digital Asset Pack #188,Premium creative asset bundle #188. Includes high-resolution assets and multi-format support.,10.00,https://backblazeb2.com/188_product.zip,https://backblazeb2.com/188_preview.jpg
Digital Asset Pack #189,Premium creative asset bundle #189. Includes high-resolution assets and multi-format support.,10.00,https://backblazeb2.com/189_product.zip,https://backblazeb2.com/189_preview.jpg
Digital Asset Pack #190,Premium creative asset bundle #190. Includes high-resolution assets and multi-format support.,10.00,https://backblazeb2.com/190_product.zip,https://backblazeb2.com/190_preview.jpg
Digital Asset Pack #191,Premium creative asset bundle #191. Includes high-resolution assets and multi-format support.,10.00,https://backblazeb2.com/191_product.zip,https://backblazeb2.com/191_preview.jpg
Digital Asset Pack #192,Premium creative asset bundle #192. Includes high-resolution assets and multi-format support.,10.00,https://backblazeb2.com/192_product.zip,https://backblazeb2.com/192_preview.jpg
Digital Asset Pack #193,Premium creative asset bundle #193. Includes high-resolution assets and multi-format support.,10.00,https://backblazeb2.com/193_product.zip,https://backblazeb2.com/193_preview.jpg
Digital Asset Pack #194,Premium creative asset bundle #194. Includes high-resolution assets and multi-format support.,10.00,https://backblazeb2.com/194_product.zip,https://backblazeb2.com/194_preview.jpg
Digital Asset Pack #195,Premium creative asset bundle #195. Includes high-resolution assets and multi-format support.,10.00,https://backblazeb2.com/195_product.zip,https://backblazeb2.com/195_preview.jpg
Digital Asset Pack #196,Premium creative asset bundle #196. Includes high-resolution assets and multi-format support.,10.00,https://backblazeb2.com/196_product.zip,https://backblazeb2.com/196_preview.jpg
Digital Asset Pack #197,Premium creative asset bundle #197. Includes high-resolution assets and multi-format support.,10.00,https://backblazeb2.com/197_product.zip,https://backblazeb2.com/197_preview.jpg
Digital Asset Pack #198,Premium creative asset bundle #198. Includes high-resolution assets and multi-format support.,10.00,https://backblazeb2.com/198_product.zip,https://backblazeb2.com/198_preview.jpg
Digital Asset Pack #199,Premium creative asset bundle #199. Includes high-resolution assets and multi-format support.,10.00,https://backblazeb2.com/199_product.zip,https://backblazeb2.com/199_preview.jpg
Digital Asset Pack #200,Premium creative asset bundle #200. Includes high-resolution assets and multi-format support.,10.00,https://backblazeb2.com/200_product.zip,https://backblazeb2.com/200_preview.jpg
Digital Asset Pack #201,Premium creative asset bundle #201. Includes high-resolution assets and multi-format support.,10.00,https://backblazeb2.com/201_product.zip,https://backblazeb2.com/201_preview.jpg
Digital Asset Pack #202,Premium creative asset bundle #202. Includes high-resolution assets and multi-format support.,10.00,https://backblazeb2.com/202_product.zip,https://backblazeb2.com/202_preview.jpg
Digital Asset Pack #203,Premium creative asset bundle #203. Includes high-resolution assets and multi-format support.,10.00,https://backblazeb2.com/203_product.zip,https://backblazeb2.com/203_preview.jpg
Digital Asset Pack #204,Premium creative asset bundle #204. Includes high-resolution assets and multi-format support.,10.00,https://backblazeb2.com/204_product.zip,https://backblazeb2.com/204_preview.jpg
Digital Asset Pack #205,Premium creative asset bundle #205. Includes high-resolution assets and multi-format support.,10.00,https://backblazeb2.com/205_product.zip,https://backblazeb2.com/205_preview.jpg
Digital Asset Pack #206,Premium creative asset bundle #206. Includes high-resolution assets and multi-format support.,10.00,https://backblazeb2.com/206_product.zip,https://backblazeb2.com/206_preview.jpg
Digital Asset Pack #207,Premium creative asset bundle #207. Includes high-resolution assets and multi-format support.,10.00,https://backblazeb2.com/207_product.zip,https://backblazeb2.com/207_preview.jpg
Digital Asset Pack #208,Premium creative asset bundle #208. Includes high-resolution assets and multi-format support.,10.00,https://backblazeb2.com/208_product.zip,https://backblazeb2.com/208_preview.jpg
Digital Asset Pack #209,Premium creative asset bundle #209. Includes high-resolution assets and multi-format support.,10.00,https://backblazeb2.com/209_product.zip,https://backblazeb2.com/209_preview.jpg
Digital Asset Pack #210,Premium creative asset bundle #210. Includes high-resolution assets and multi-format support.,10.00,https://backblazeb2.com/210_product.zip,https://backblazeb2.com/210_preview.jpg
Digital Asset Pack #211,Premium creative asset bundle #211. Includes high-resolution assets and multi-format support.,10.00,https://backblazeb2.com/211_product.zip,https://backblazeb2.com/211_preview.jpg
Digital Asset Pack #212,Premium creative asset bundle #212. Includes high-resolution assets and multi-format support.,10.00,https://backblazeb2.com/212_product.zip,https://backblazeb2.com/212_preview.jpg
Digital Asset Pack #213,Premium creative asset bundle #213. Includes high-resolution assets and multi-format support.,10.00,https://backblazeb2.com/213_product.zip,https://backblazeb2.com/213_preview.jpg
Digital Asset Pack #214,Premium creative asset bundle #214. Includes high-resolution assets and multi-format support.,10.00,https://backblazeb2.com/214_product.zip,https://backblazeb2.com/214_preview.jpg
Digital Asset Pack #215,Premium creative asset bundle #215. Includes high-resolution assets and multi-format support.,10.00,https://backblazeb2.com/215_product.zip,https://backblazeb2.com/215_preview.jpg
Digital Asset Pack #216,Premium creative asset bundle #216. Includes high-resolution assets and multi-format support.,10.00,https://backblazeb2.com/216_product.zip,https://backblazeb2.com/216_preview.jpg
Digital Asset Pack #217,Premium creative asset bundle #217. Includes high-resolution assets and multi-format support.,10.00,https://backblazeb2.com/217_product.zip,https://backblazeb2.com/217_preview.jpg
Digital Asset Pack #218,Premium creative asset bundle #218. Includes high-resolution assets and multi-format support.,10.00,https://backblazeb2.com/218_product.zip,https://backblazeb2.com/218_preview.jpg
Digital Asset Pack #219,Premium creative asset bundle #219. Includes high-resolution assets and multi-format support.,10.00,https://backblazeb2.com/219_product.zip,https://backblazeb2.com/219_preview.jpg
Digital Asset Pack #220,Premium creative asset bundle #220. Includes high-resolution assets and multi-format support.,10.00,https://backblazeb2.com/220_product.zip,https://backblazeb2.com/220_preview.jpg
Digital Asset Pack #221,Premium creative asset bundle #221. Includes high-resolution assets and multi-format support.,10.00,https://backblazeb2.com/221_product.zip,https://backblazeb2.com/221_preview.jpg
Digital Asset Pack #222,Premium creative asset bundle #222. Includes high-resolution assets and multi-format support.,10.00,https://backblazeb2.com/222_product.zip,https://backblazeb2.com/222_preview.jpg
Digital Asset Pack #223,Premium creative asset bundle #223. Includes high-resolution assets and multi-format support.,10.00,https://backblazeb2.com/223_product.zip,https://backblazeb2.com/223_preview.jpg
Digital Asset Pack #224,Premium creative asset bundle #224. Includes high-resolution assets and multi-format support.,10.00,https://backblazeb2.com/224_product.zip,https://backblazeb2.com/224_preview.jpg
Digital Asset Pack #225,Premium creative asset bundle #225. Includes high-resolution assets and multi-format support.,10.00,https://backblazeb2.com/225_product.zip,https://backblazeb2.com/225_preview.jpg
Digital Asset Pack #226,Premium creative asset bundle #226. Includes high-resolution assets and multi-format support.,10.00,https://backblazeb2.com/226_product.zip,https://backblazeb2.com/226_preview.jpg
Digital Asset Pack #227,Premium creative asset bundle #227. Includes high-resolution assets and multi-format support.,10.00,https://backblazeb2.com/227_product.zip,https://backblazeb2.com/227_preview.jpg
Digital Asset Pack #228,Premium creative asset bundle #228. Includes high-resolution assets and multi-format support.,10.00,https://backblazeb2.com/228_product.zip,https://backblazeb2.com/228_preview.jpg
Digital Asset Pack #229,Premium creative asset bundle #229. Includes high-resolution assets and multi-format support.,10.00,https://backblazeb2.com/229_product.zip,https://backblazeb2.com/229_preview.jpg
Digital Asset Pack #230,Premium creative asset bundle #230. Includes high-resolution assets and multi-format support.,10.00,https://backblazeb2.com/230_product.zip,https://backblazeb2.com/230_preview.jpg
Digital Asset Pack #231,Premium creative asset bundle #231. Includes high-resolution assets and multi-format support.,10.00,https://backblazeb2.com/231_product.zip,https://backblazeb2.com/231_preview.jpg
Digital Asset Pack #232,Premium creative asset bundle #232. Includes high-resolution assets and multi-format support.,10.00,https://backblazeb2.com/232_product.zip,https://backblazeb2.com/232_preview.jpg
Digital Asset Pack #233,Premium creative asset bundle #233. Includes high-resolution assets and multi-format support.,10.00,https://backblazeb2.com/233_product.zip,https://backblazeb2.com/233_preview.jpg
Digital Asset Pack #234,Premium creative asset bundle #234. Includes high-resolution assets and multi-format support.,10.00,https://backblazeb2.com/234_product.zip,https://backblazeb2.com/234_preview.jpg
Digital Asset Pack #235,Premium creative asset bundle #235. Includes high-resolution assets and multi-format support.,10.00,https://backblazeb2.com/235_product.zip,https://backblazeb2.com/235_preview.jpg
Digital Asset Pack #236,Premium creative asset bundle #236. Includes high-resolution assets and multi-format support.,10.00,https://backblazeb2.com/236_product.zip,https://backblazeb2.com/236_preview.jpg
Digital Asset Pack #237,Premium creative asset bundle #237. Includes high-resolution assets and multi-format support.,10.00,https://backblazeb2.com/237_product.zip,https://backblazeb2.com/237_preview.jpg
Digital Asset Pack #238,Premium creative asset bundle #238. Includes high-resolution assets and multi-format support.,10.00,https://backblazeb2.com/238_product.zip,https://backblazeb2.com/238_preview.jpg
Digital Asset Pack #239,Premium creative asset bundle #239. Includes high-resolution assets and multi-format support.,10.00,https://backblazeb2.com/239_product.zip,https://backblazeb2.com/239_preview.jpg
Digital Asset Pack #240,Premium creative asset bundle #240. Includes high-resolution assets and multi-format support.,10.00,https://backblazeb2.com/240_product.zip,https://backblazeb2.com/240_preview.jpg
Digital Asset Pack #241,Premium creative asset bundle #241. Includes high-resolution assets and multi-format support.,10.00,https://backblazeb2.com/241_product.zip,https://backblazeb2.com/241_preview.jpg
Digital Asset Pack #242,Premium creative asset bundle #242. Includes high-resolution assets and multi-format support.,10.00,https://backblazeb2.com/242_product.zip,https://backblazeb2.com/242_preview.jpg
Digital Asset Pack #243,Premium creative asset bundle #243. Includes high-resolution assets and multi-format support.,10.00,https://backblazeb2.com/243_product.zip,https://backblazeb2.com/243_preview.jpg
Digital Asset Pack #244,Premium creative asset bundle #244. Includes high-resolution assets and multi-format support.,10.00,https://backblazeb2.com/244_product.zip,https://backblazeb2.com/244_preview.jpg
Digital Asset Pack #245,Premium creative asset bundle #245. Includes high-resolution assets and multi-format support.,10.00,https://backblazeb2.com/245_product.zip,https://backblazeb2.com/245_preview.jpg
Digital Asset Pack #246,Premium creative asset bundle #246. Includes high-resolution assets and multi-format support.,10.00,https://backblazeb2.com/246_product.zip,https://backblazeb2.com/246_preview.jpg
Digital Asset Pack #247,Premium creative asset bundle #247. Includes high-resolution assets and multi-format support.,10.00,https://backblazeb2.com/247_product.zip,https://backblazeb2.com/247_preview.jpg
Digital Asset Pack #248,Premium creative asset bundle #248. Includes high-resolution assets and multi-format support.,10.00,https://backblazeb2.com/248_product.zip,https://backblazeb2.com/248_preview.jpg
Digital Asset Pack #249,Premium creative asset bundle #249. Includes high-resolution assets and multi-format support.,10.00,https://backblazeb2.com/249_product.zip,https://backblazeb2.com/249_preview.jpg
Digital Asset Pack #250,Premium creative asset bundle #250. Includes high-resolution assets and multi-format support.,10.00,https://backblazeb2.com/250_product.zip,https://backblazeb2.com/250_preview.jpg
